#Register Name,Register Address,Register Size,Register Description,Data Representatation,Units,Range,Scaling,Example,Writeable,Notes
Software_Version_Register_A,0,16 bits,Information on the overall software version for the ESS,Hex Value,n/a,n/a,n/a,0x0101,No,"High Byte = Major Version, Low Byte = Minor 1 Version"
Software_Version_Register_B,1,16 bits,Information on the overall software version for the ESS,Hex Value,n/a,n/a,n/a,0x0501,No,"High Byte = Minor 2 Version, Low Byte = Minor 3 Version"
Modbus_Software_Version_Register_A,2,16 bits,Information on the Modbus componet software version,Hex Value,n/a,n/a,n/a,0x0100,No,"High Byte = Major Version, Low Byte = Minor 1 Version"
Modbus_Software_Version_Register_B,3,16 bits,Information on the Modbus componet software version,Hex Value,n/a,n/a,n/a,0x0101,No,"High Byte = Minor 2 Version, Low Byte = Minor 3 Version"
Parameter_Configuration_File_CRC,4,16 bits,Cyclic Redundancy Check value for the BMS Parameter file,Hex Value,n/a,n/a,n/a,0xF54D,No,Can be used to monitor if any BMS operating parameters have been changed
,,,,,,,,,,
Max_Discharge_Current_Limit_ESS,10,16 bits,Max amount of discharge current the Connected ESS can provide,Signed Integer,Amps,0 -> 7200,x1,2200,No,Always positive for discharge current limit
Max_Charge_Current_Limit_ESS,11,16 bits,Max amount of charge current the Connected ESS can accept,Signed Integer,Amps,-5400 -> 0,x1,-1500,No,Always negative for charge current limit
Discharge_Energy_In_Connected_ESS_Register_A,12,16 bits,Energy available for discharging from the Connected ESS,Unsigned Long Integer,Watt Hours,"0 -> 1,800,000",x1,0x0007,No,High word of 32 bit register
Discharge_Energy_In_Connected_ESS_Register_B,13,16 bits,,Unsigned Long Integer,Watt Hours,-,-,0xA120,No,Low word of 32 bit register
Regen_Energy_In_Connected_ESS_Register_A,14,16 bits,Capacity to take Energy via charging into the Connected ESS,Unsigned Long Integer,Watt Hours,"0 -> 1,800,000",x1,0x0007,No,High word of 32 bit register
Regen_Energy_In_Connected_ESS_Register_B,15,16 bits,,Unsigned Long Integer,Watt Hours,-,-,0xA120,No,Low word of 32 bit register
Number_Of_Strings_ESS,16,16 bits,How many strings are installed in this ESS,Unsigned Integer,n/a,1 -> 24,n/a,8,No,Should be configured during commissioning
Number_Of_Connected_Strings_ESS,17,16 bits,How many strings in the ESS are currently Connected to the DC Bus,Unsigned Integer,n/a,0 -> 24,n/a,5,No,
Bus_Voltage_ESS,18,16 bits,DC Bus Voltage on the ESS,Unsigned Integer,Volts,0 -> 11000,x10,8500,No,8500 = 850.0V
Current_ESS,19,16 bits,Total Current in or out of the ESS,Signed Integer,Amps,-6000 -> +8000,x1,2300,No,
SoC_ESS,20,16 bits,Effective SoC of the ESS,Unsigned Integer,Percentage,0 -> 1000,x10,750,No,750 = 75.0%
SoH_ESS,21,16 bits,Effective SoH (Capacity) of the ESS,Unsigned Integer,Percentage,0 -> 1000,x10,995,No,995 = 99.5%
Element_Voltage_Max_ESS,22,16 bits,Max cell/element voltage in the ESS,Unsigned Integer,Volts,0 -> 5000,x1000,3950,No,3950 = 3.950V
Element_Voltage_Min_ESS,23,16 bits,Min cell/element voltage in the ESS,Unsigned Integer,Volts,0 -> 5000,x1000,3750,No,3750 = 3.750V
Element_Voltage_Average_ESS,24,16 bits,Average cell/element voltage in the ESS,Unsigned Integer,Volts,0 -> 5000,x1000,3850,No,3850 = 3.850V
Element_Temperature_Max_ESS,25,16 bits,Max stack temperature in the ESS,Signed Integer,Celsius,-400 -> 1000,x10,295,No,295 = 29.5 Degrees Celsius
Element_Temperature_Min_ESS,26,16 bits,Min stack temperature in the ESS,Signed Integer,Celsius,-400 -> 1000,x10,260,No,260 = 26.0 Degrees Celsius
Element_Temperature_Average_ESS,27,16 bits,Average stack temperature in the ESS,Signed Integer,Celsius,-400 -> 1000,x10,270,No,270 = 27.0 Degrees Celsius
Alarms_Bit_Field_Register_A_ESS,28,16 bits,Bit field used to indicate if Any of alarms 1 -> 16 are Asserted,Binary Value,n/a,0x0000 -> 0xFFFF,n/a,0x0020,No,0x0020 indicates alarm '6' is Asserted
Alarms_Bit_Field_Register_B_ESS,29,16 bits,Bit field used to indicate if Any of alarms 17 -> 32 are Asserted,Binary Value,n/a,0x0000 -> 0xFFFF,n/a,0x0020,No,0x0020 indicates alarm '22' is Asserted
Alarms_Bit_Field_Register_C_ESS,30,16 bits,Bit field used to indicate if Any of alarms 33 -> 48 are Asserted,Binary Value,n/a,0x0000 -> 0xFFFF,n/a,0x0020,No,0x0020 indicates alarm '38' is Asserted
Alarms_Bit_Field_Register_D_ESS,31,16 bits,Bit field used to indicate if Any of alarms 49 -> 64 are Asserted,Binary Value,n/a,0x0000 -> 0xFFFF,n/a,0x0020,No,0x0020 indicates alarm '54' is Asserted
,,,,,,,,,,
Max_Discharge_Current_Limit_Zone_1,100,16 bits,Max amount of discharge current the Connected Zone 1 strings can provide,Signed Integer,Amps,0 -> 7200,x1,2200,No,Always positive for discharge current limit
Max_Discharge_Current_Limit_Zone_2,101,16 bits,Max amount of discharge current the Connected Zone 2 strings can provide,Signed Integer,Amps,0 -> 7200,x1,2200,No,
Max_Discharge_Current_Limit_Zone_3,102,16 bits,Max amount of discharge current the Connected Zone 3 strings can provide,Signed Integer,Amps,0 -> 7200,x1,2200,No,
Max_Discharge_Current_Limit_Zone_4,103,16 bits,Max amount of discharge current the Connected Zone 4 strings can provide,Signed Integer,Amps,0 -> 7200,x1,2200,No,
Max_Discharge_Current_Limit_Zone_5,104,16 bits,Max amount of discharge current the Connected Zone 5 strings can provide,Signed Integer,Amps,0 -> 7200,x1,2200,No,
Max_Discharge_Current_Limit_Zone_6,105,16 bits,Max amount of discharge current the Connected Zone 6 strings can provide,Signed Integer,Amps,0 -> 7200,x1,2200,No,
Max_Charge_Current_Limit_Zone_1,106,16 bits,Max amount of charge current the Connected Zone 1 strings can accept,Signed Integer,Amps,-5400 -> 0,x1,-1500,No,Always negative for charge current limit
Max_Charge_Current_Limit_Zone_2,107,16 bits,Max amount of charge current the Connected Zone 2 strings can accept,Signed Integer,Amps,-5400 -> 1,x2,-1499,No,Always negative for charge current limit
Max_Charge_Current_Limit_Zone_3,108,16 bits,Max amount of charge current the Connected Zone 3 strings can accept,Signed Integer,Amps,-5400 -> 2,x3,-1498,No,Always negative for charge current limit
Max_Charge_Current_Limit_Zone_4,109,16 bits,Max amount of charge current the Connected Zone 4 strings can accept,Signed Integer,Amps,-5400 -> 3,x4,-1497,No,Always negative for charge current limit
Max_Charge_Current_Limit_Zone_5,110,16 bits,Max amount of charge current the Connected Zone 5 strings can accept,Signed Integer,Amps,-5400 -> 4,x5,-1496,No,Always negative for charge current limit
Max_Charge_Current_Limit_Zone_6,111,16 bits,Max amount of charge current the Connected Zone 6 strings can accept,Signed Integer,Amps,-5400 -> 5,x6,-1495,No,Always negative for charge current limit
Discharge_Energy_In_Connected_Zone_1_Register_A,112,16 bits,Energy available for discharging from the Connected Zone 1 strings,Unsigned Long Integer,Watt Hours,"0 -> 1,800,000",x1,0x0007,No,High word of 32 bit register
Discharge_Energy_In_Connected_Zone_1_Register_B,113,16 bits,,Unsigned Long Integer,Watt Hours,-,-,0xA120,No,Low word of 32 bit register
Discharge_Energy_In_Connected_Zone_2_Register_A,114,16 bits,Energy available for discharging from the Connected Zone 2 strings,Unsigned Long Integer,Watt Hours,"0 -> 1,800,000",x1,0x0007,No,High word of 32 bit register
Discharge_Energy_In_Connected_Zone_2_Register_B,115,16 bits,,Unsigned Long Integer,Watt Hours,-,-,0xA120,No,Low word of 32 bit register
Discharge_Energy_In_Connected_Zone_3_Register_A,116,16 bits,Energy available for discharging from the Connected Zone 3 strings,Unsigned Long Integer,Watt Hours,"0 -> 1,800,000",x1,0x0007,No,High word of 32 bit register
Discharge_Energy_In_Connected_Zone_3_Register_B,117,16 bits,,Unsigned Long Integer,Watt Hours,-,-,0xA120,No,Low word of 32 bit register
Discharge_Energy_In_Connected_Zone_4_Register_A,118,16 bits,Energy available for discharging from the Connected Zone 4 strings,Unsigned Long Integer,Watt Hours,"0 -> 1,800,000",x1,0x0007,No,High word of 32 bit register
Discharge_Energy_In_Connected_Zone_4_Register_B,119,16 bits,,Unsigned Long Integer,Watt Hours,-,-,0xA120,No,Low word of 32 bit register
Discharge_Energy_In_Connected_Zone_5_Register_A,120,16 bits,Energy available for discharging from the Connected Zone 5 strings,Unsigned Long Integer,Watt Hours,"0 -> 1,800,000",x1,0x0007,No,High word of 32 bit register
Discharge_Energy_In_Connected_Zone_5_Register_B,121,16 bits,,Unsigned Long Integer,Watt Hours,-,-,0xA120,No,Low word of 32 bit register
Discharge_Energy_In_Connected_Zone_6_Register_A,122,16 bits,Energy available for discharging from the Connected Zone 6 strings,Unsigned Long Integer,Watt Hours,"0 -> 1,800,000",x1,0x0007,No,High word of 32 bit register
Discharge_Energy_In_Connected_Zone_6_Register_B,123,16 bits,,Unsigned Long Integer,Watt Hours,-,-,0xA120,No,Low word of 32 bit register
Regen_Energy_In_Connected_Zone_1_Register_A,124,16 bits,Capacity to take Energy via charging into the Connected Zone 1 strings,Unsigned Long Integer,Watt Hours,"0 -> 1,800,000",x1,0x0007,No,High word of 32 bit register
Regen_Energy_In_Connected_Zone_1_Register_B,125,16 bits,,Unsigned Long Integer,Watt Hours,-,-,0xA120,No,Low word of 32 bit register
Regen_Energy_In_Connected_Zone_2_Register_A,126,16 bits,Capacity to take Energy via charging into the Connected Zone 2 strings,Unsigned Long Integer,Watt Hours,"0 -> 1,800,000",x1,0x0007,No,High word of 32 bit register
Regen_Energy_In_Connected_Zone_2_Register_B,127,16 bits,,Unsigned Long Integer,Watt Hours,-,-,0xA120,No,Low word of 32 bit register
Regen_Energy_In_Connected_Zone_3_Register_A,128,16 bits,Capacity to take Energy via charging into the Connected Zone 3 strings,Unsigned Long Integer,Watt Hours,"0 -> 1,800,000",x1,0x0007,No,High word of 32 bit register
Regen_Energy_In_Connected_Zone_3_Register_B,129,16 bits,,Unsigned Long Integer,Watt Hours,-,-,0xA120,No,Low word of 32 bit register
Regen_Energy_In_Connected_Zone_4_Register_A,130,16 bits,Capacity to take Energy via charging into the Connected Zone 4 strings,Unsigned Long Integer,Watt Hours,"0 -> 1,800,000",x1,0x0007,No,High word of 32 bit register
Regen_Energy_In_Connected_Zone_4_Register_B,131,16 bits,,Unsigned Long Integer,Watt Hours,-,-,0xA120,No,Low word of 32 bit register
Regen_Energy_In_Connected_Zone_5_Register_A,132,16 bits,Capacity to take Energy via charging into the Connected Zone 5 strings,Unsigned Long Integer,Watt Hours,"0 -> 1,800,000",x1,0x0007,No,High word of 32 bit register
Regen_Energy_In_Connected_Zone_5_Register_B,133,16 bits,,Unsigned Long Integer,Watt Hours,-,-,0xA120,No,Low word of 32 bit register
Regen_Energy_In_Connected_Zone_6_Register_A,134,16 bits,Capacity to take Energy via charging into the Connected Zone 6 strings,Unsigned Long Integer,Watt Hours,"0 -> 1,800,000",x1,0x0007,No,High word of 32 bit register
Regen_Energy_In_Connected_Zone_6_Register_B,135,16 bits,,Unsigned Long Integer,Watt Hours,-,-,0xA120,No,Low word of 32 bit register
Number_Of_Strings_Zone_1,136,16 bits,How many strings are installed in Zone 1,Unsigned Integer,n/a,1 -> 24,n/a,8,No,Should be configured during commissioning
Number_Of_Strings_Zone_2,137,16 bits,How many strings are installed in Zone 1,Unsigned Integer,n/a,1 -> 24,n/a,8,No,
Number_Of_Strings_Zone_3,138,16 bits,How many strings are installed in Zone 1,Unsigned Integer,n/a,1 -> 24,n/a,8,No,
Number_Of_Strings_Zone_4,139,16 bits,How many strings are installed in Zone 1,Unsigned Integer,n/a,1 -> 24,n/a,8,No,
Number_Of_Strings_Zone_5,140,16 bits,How many strings are installed in Zone 1,Unsigned Integer,n/a,1 -> 24,n/a,8,No,
Number_Of_Strings_Zone_6,141,16 bits,How many strings are installed in Zone 1,Unsigned Integer,n/a,1 -> 24,n/a,8,No,
Number_Of_Connected_Strings_Zone_1,142,16 bits,How many strings in the Zone 1 are currently Connected to the DC Bus,Unsigned Integer,n/a,0 -> 24,n/a,5,No,
Number_Of_Connected_Strings_Zone_2,143,16 bits,How many strings in the Zone 1 are currently Connected to the DC Bus,Unsigned Integer,n/a,0 -> 24,n/a,5,No,
Number_Of_Connected_Strings_Zone_3,144,16 bits,How many strings in the Zone 1 are currently Connected to the DC Bus,Unsigned Integer,n/a,0 -> 24,n/a,5,No,
Number_Of_Connected_Strings_Zone_4,145,16 bits,How many strings in the Zone 1 are currently Connected to the DC Bus,Unsigned Integer,n/a,0 -> 24,n/a,5,No,
Number_Of_Connected_Strings_Zone_5,146,16 bits,How many strings in the Zone 1 are currently Connected to the DC Bus,Unsigned Integer,n/a,0 -> 24,n/a,5,No,
Number_Of_Connected_Strings_Zone_6,147,16 bits,How many strings in the Zone 1 are currently Connected to the DC Bus,Unsigned Integer,n/a,0 -> 24,n/a,5,No,
Bus_Voltage_Zone_1,148,16 bits,DC Bus Voltage for Zone 1,Unsigned Integer,Volts,0 -> 11000,x10,8500,No,8500 = 850.0V
Bus_Voltage_Zone_2,149,16 bits,DC Bus Voltage for Zone 2,Unsigned Integer,Volts,0 -> 11000,x10,8500,No,
Bus_Voltage_Zone_3,150,16 bits,DC Bus Voltage for Zone 3,Unsigned Integer,Volts,0 -> 11000,x10,8500,No,
Bus_Voltage_Zone_4,151,16 bits,DC Bus Voltage for Zone 4,Unsigned Integer,Volts,0 -> 11000,x10,8500,No,
Bus_Voltage_Zone_5,152,16 bits,DC Bus Voltage for Zone 5,Unsigned Integer,Volts,0 -> 11000,x10,8500,No,
Bus_Voltage_Zone_6,153,16 bits,DC Bus Voltage for Zone 6,Unsigned Integer,Volts,0 -> 11000,x10,8500,No,
Current_Zone_1,154,16 bits,Total Current in or out of Zone 1 strings,Signed Integer,Amps,-6000 -> +8000,x1,1500,No,1500 = 1500.0A
Current_Zone_2,155,16 bits,Total Current in or out of Zone 2 strings,Signed Integer,Amps,-6000 -> +8000,x1,1500,No,
Current_Zone_3,156,16 bits,Total Current in or out of Zone 3 strings,Signed Integer,Amps,-6000 -> +8000,x1,1500,No,
Current_Zone_4,157,16 bits,Total Current in or out of Zone 4 strings,Signed Integer,Amps,-6000 -> +8000,x1,1500,No,
Current_Zone_5,158,16 bits,Total Current in or out of Zone 5 strings,Signed Integer,Amps,-6000 -> +8000,x1,1500,No,
Current_Zone_6,159,16 bits,Total Current in or out of Zone 6 strings,Signed Integer,Amps,-6000 -> +8000,x1,1500,No,
SoC_Zone_1,160,16 bits,Effective SoC of the Zone 1 strings,Unsigned Integer,Percentage,0 -> 1000,x10,750,No,750 = 75.0%
SoC_Zone_2,161,16 bits,Effective SoC of the Zone 2 strings,Unsigned Integer,Percentage,0 -> 1000,x10,750,No,
SoC_Zone_3,162,16 bits,Effective SoC of the Zone 3 strings,Unsigned Integer,Percentage,0 -> 1000,x10,750,No,
SoC_Zone_4,163,16 bits,Effective SoC of the Zone 4 strings,Unsigned Integer,Percentage,0 -> 1000,x10,750,No,
SoC_Zone_5,164,16 bits,Effective SoC of the Zone 5 strings,Unsigned Integer,Percentage,0 -> 1000,x10,750,No,
SoC_Zone_6,165,16 bits,Effective SoC of the Zone 6 strings,Unsigned Integer,Percentage,0 -> 1000,x10,750,No,
SoH_Zone_1,166,16 bits,Effective SoH (Capacity) of the Zone 1 strings,Unsigned Integer,Percentage,0 -> 1000,x10,995,No,995 = 99.5%
SoH_Zone_2,167,16 bits,Effective SoH (Capacity) of the Zone 2 strings,Unsigned Integer,Percentage,0 -> 1000,x10,995,No,
SoH_Zone_3,168,16 bits,Effective SoH (Capacity) of the Zone 3 strings,Unsigned Integer,Percentage,0 -> 1000,x10,995,No,
SoH_Zone_4,169,16 bits,Effective SoH (Capacity) of the Zone 4 strings,Unsigned Integer,Percentage,0 -> 1000,x10,995,No,
SoH_Zone_5,170,16 bits,Effective SoH (Capacity) of the Zone 5 strings,Unsigned Integer,Percentage,0 -> 1000,x10,995,No,
SoH_Zone_6,171,16 bits,Effective SoH (Capacity) of the Zone 6 strings,Unsigned Integer,Percentage,0 -> 1000,x10,995,No,
Element_Voltage_Max_Zone_1,172,16 bits,Max cell/element voltage in the Zone 1 strings,Unsigned Integer,Volts,0 -> 5000,x1000,3950,No,3950 = 3.950V
Element_Voltage_Max_Zone_2,173,16 bits,Max cell/element voltage in the Zone 2 strings,Unsigned Integer,Volts,0 -> 5000,x1000,3950,No,
Element_Voltage_Max_Zone_3,174,16 bits,Max cell/element voltage in the Zone 3 strings,Unsigned Integer,Volts,0 -> 5000,x1000,3950,No,
Element_Voltage_Max_Zone_4,175,16 bits,Max cell/element voltage in the Zone 4 strings,Unsigned Integer,Volts,0 -> 5000,x1000,3950,No,
Element_Voltage_Max_Zone_5,176,16 bits,Max cell/element voltage in the Zone 5 strings,Unsigned Integer,Volts,0 -> 5000,x1000,3950,No,
Element_Voltage_Max_Zone_6,177,16 bits,Max cell/element voltage in the Zone 6 strings,Unsigned Integer,Volts,0 -> 5000,x1000,3950,No,
Element_Voltage_Min_Zone_1,178,16 bits,Min cell/element voltage in the Zone 1 strings,Unsigned Integer,Volts,0 -> 5000,x1000,3750,No,3750 = 3.750V
Element_Voltage_Min_Zone_2,179,16 bits,Min cell/element voltage in the Zone 2 strings,Unsigned Integer,Volts,0 -> 5000,x1000,3750,No,
Element_Voltage_Min_Zone_3,180,16 bits,Min cell/element voltage in the Zone 3 strings,Unsigned Integer,Volts,0 -> 5000,x1000,3750,No,
Element_Voltage_Min_Zone_4,181,16 bits,Min cell/element voltage in the Zone 4 strings,Unsigned Integer,Volts,0 -> 5000,x1000,3750,No,
Element_Voltage_Min_Zone_5,182,16 bits,Min cell/element voltage in the Zone 5 strings,Unsigned Integer,Volts,0 -> 5000,x1000,3750,No,
Element_Voltage_Min_Zone_6,183,16 bits,Min cell/element voltage in the Zone 6 strings,Unsigned Integer,Volts,0 -> 5000,x1000,3750,No,
Element_Voltage_Average_Zone_1,184,16 bits,Average cell/element voltage in the Zone 1 strings,Unsigned Integer,Volts,0 -> 5000,x1000,3850,No,3850 = 3.850V
Element_Voltage_Average_Zone_2,185,16 bits,Average cell/element voltage in the Zone 2 strings,Unsigned Integer,Volts,0 -> 5000,x1000,3850,No,
Element_Voltage_Average_Zone_3,186,16 bits,Average cell/element voltage in the Zone 3 strings,Unsigned Integer,Volts,0 -> 5000,x1000,3850,No,
Element_Voltage_Average_Zone_4,187,16 bits,Average cell/element voltage in the Zone 4 strings,Unsigned Integer,Volts,0 -> 5000,x1000,3850,No,
Element_Voltage_Average_Zone_5,188,16 bits,Average cell/element voltage in the Zone 5 strings,Unsigned Integer,Volts,0 -> 5000,x1000,3850,No,
Element_Voltage_Average_Zone_6,189,16 bits,Average cell/element voltage in the Zone 6 strings,Unsigned Integer,Volts,0 -> 5000,x1000,3850,No,
Element_Temperature_Max_Zone_1,190,16 bits,Max stack temperature in the Zone 1 strings,Signed Integer,Celsius,-400 -> 1000,x10,295,No,295 = 29.5 Degrees Celsius
Element_Temperature_Max_Zone_2,191,16 bits,Max stack temperature in the Zone 2 strings,Signed Integer,Celsius,-400 -> 1000,x10,295,No,
Element_Temperature_Max_Zone_3,192,16 bits,Max stack temperature in the Zone 3 strings,Signed Integer,Celsius,-400 -> 1000,x10,295,No,
Element_Temperature_Max_Zone_4,193,16 bits,Max stack temperature in the Zone 4 strings,Signed Integer,Celsius,-400 -> 1000,x10,295,No,
Element_Temperature_Max_Zone_5,194,16 bits,Max stack temperature in the Zone 5 strings,Signed Integer,Celsius,-400 -> 1000,x10,295,No,
Element_Temperature_Max_Zone_6,195,16 bits,Max stack temperature in the Zone 6 strings,Signed Integer,Celsius,-400 -> 1000,x10,295,No,
Element_Temperature_Min_Zone_1,196,16 bits,Min stack temperature in the Zone 1 strings,Signed Integer,Celsius,-400 -> 1000,x10,260,No,260 = 26.0 Degrees Celsius
Element_Temperature_Min_Zone_2,197,16 bits,Min stack temperature in the Zone 2 strings,Signed Integer,Celsius,-400 -> 1000,x10,260,No,
Element_Temperature_Min_Zone_3,198,16 bits,Min stack temperature in the Zone 3 strings,Signed Integer,Celsius,-400 -> 1000,x10,260,No,
Element_Temperature_Min_Zone_4,199,16 bits,Min stack temperature in the Zone 4 strings,Signed Integer,Celsius,-400 -> 1000,x10,260,No,
Element_Temperature_Min_Zone_5,200,16 bits,Min stack temperature in the Zone 5 strings,Signed Integer,Celsius,-400 -> 1000,x10,260,No,
Element_Temperature_Min_Zone_6,201,16 bits,Min stack temperature in the Zone 6 strings,Signed Integer,Celsius,-400 -> 1000,x10,260,No,
Element_Temperature_Average_Zone_1,202,16 bits,Average stack temperature in the Zone 1 strings,Signed Integer,Celsius,-400 -> 1000,x10,270,No,270 = 27.0 Degrees Celsius
Element_Temperature_Average_Zone_2,203,16 bits,Average stack temperature in the Zone 2 strings,Signed Integer,Celsius,-400 -> 1000,x10,270,No,
Element_Temperature_Average_Zone_3,204,16 bits,Average stack temperature in the Zone 3 strings,Signed Integer,Celsius,-400 -> 1000,x10,270,No,
Element_Temperature_Average_Zone_4,205,16 bits,Average stack temperature in the Zone 4 strings,Signed Integer,Celsius,-400 -> 1000,x10,270,No,
Element_Temperature_Average_Zone_5,206,16 bits,Average stack temperature in the Zone 5 strings,Signed Integer,Celsius,-400 -> 1000,x10,270,No,
Element_Temperature_Average_Zone_6,207,16 bits,Average stack temperature in the Zone 6 strings,Signed Integer,Celsius,-400 -> 1000,x10,270,No,
Alarms_Bit_Field_Register_A_Zone_1,208,16 bits,Bit field used to indicate if Any of alarms 1 -> 16 are Asserted in the Zone 1 strings,Binary Value,n/a,0x0000 -> 0xFFFF,n/a,0x0020,No,0x0020 indicates alarm '6' is Asserted
Alarms_Bit_Field_Register_B_Zone_1,209,16 bits,Bit field used to indicate if Any of alarms 17 -> 32 are Asserted in the Zone 1 strings,Binary Value,n/a,0x0000 -> 0xFFFF,n/a,0x0020,No,0x0020 indicates alarm '22' is Asserted
Alarms_Bit_Field_Register_C_Zone_1,210,16 bits,Bit field used to indicate if Any of alarms 33 -> 48 are Asserted in the Zone 1 strings,Binary Value,n/a,0x0000 -> 0xFFFF,n/a,0x0020,No,0x0020 indicates alarm '38' is Asserted
Alarms_Bit_Field_Register_D_Zone_1,211,16 bits,Bit field used to indicate if Any of alarms 49 -> 64 are Asserted in the Zone 1 strings,Binary Value,n/a,0x0000 -> 0xFFFF,n/a,0x0020,No,0x0020 indicates alarm '54' is Asserted
Alarms_Bit_Field_Register_A_Zone_2,152,16 bits,Bit field used to indicate if Any of alarms 1 -> 16 are Asserted in the Zone 2 strings,Binary Value,n/a,0x0000 -> 0xFFFF,n/a,0x0020,No,
Alarms_Bit_Field_Register_B_Zone_2,153,16 bits,Bit field used to indicate if Any of alarms 17 -> 32 are Asserted in the Zone 2 strings,Binary Value,n/a,0x0000 -> 0xFFFF,n/a,0x0020,No,
Alarms_Bit_Field_Register_C_Zone_2,154,16 bits,Bit field used to indicate if Any of alarms 33 -> 48 are Asserted in the Zone 2 strings,Binary Value,n/a,0x0000 -> 0xFFFF,n/a,0x0020,No,
Alarms_Bit_Field_Register_D_Zone_2,155,16 bits,Bit field used to indicate if Any of alarms 49 -> 64 are Asserted in the Zone 2 strings,Binary Value,n/a,0x0000 -> 0xFFFF,n/a,0x0020,No,
Alarms_Bit_Field_Register_A_Zone_3,156,16 bits,Bit field used to indicate if Any of alarms 1 -> 16 are Asserted in the Zone 3 strings,Binary Value,n/a,0x0000 -> 0xFFFF,n/a,0x0020,No,
Alarms_Bit_Field_Register_B_Zone_3,157,16 bits,Bit field used to indicate if Any of alarms 17 -> 32 are Asserted in the Zone 3 strings,Binary Value,n/a,0x0000 -> 0xFFFF,n/a,0x0020,No,
Alarms_Bit_Field_Register_C_Zone_3,158,16 bits,Bit field used to indicate if Any of alarms 33 -> 48 are Asserted in the Zone 3 strings,Binary Value,n/a,0x0000 -> 0xFFFF,n/a,0x0020,No,
Alarms_Bit_Field_Register_D_Zone_3,159,16 bits,Bit field used to indicate if Any of alarms 49 -> 64 are Asserted in the Zone 3 strings,Binary Value,n/a,0x0000 -> 0xFFFF,n/a,0x0020,No,
Alarms_Bit_Field_Register_A_Zone_4,160,16 bits,Bit field used to indicate if Any of alarms 1 -> 16 are Asserted in the Zone 4 strings,Binary Value,n/a,0x0000 -> 0xFFFF,n/a,0x0020,No,
Alarms_Bit_Field_Register_B_Zone_4,161,16 bits,Bit field used to indicate if Any of alarms 17 -> 32 are Asserted in the Zone 4 strings,Binary Value,n/a,0x0000 -> 0xFFFF,n/a,0x0020,No,
Alarms_Bit_Field_Register_C_Zone_4,162,16 bits,Bit field used to indicate if Any of alarms 33 -> 48 are Asserted in the Zone 4 strings,Binary Value,n/a,0x0000 -> 0xFFFF,n/a,0x0020,No,
Alarms_Bit_Field_Register_D_Zone_4,163,16 bits,Bit field used to indicate if Any of alarms 49 -> 64 are Asserted in the Zone 4 strings,Binary Value,n/a,0x0000 -> 0xFFFF,n/a,0x0020,No,
Alarms_Bit_Field_Register_A_Zone_5,164,16 bits,Bit field used to indicate if Any of alarms 1 -> 16 are Asserted in the Zone 5 strings,Binary Value,n/a,0x0000 -> 0xFFFF,n/a,0x0020,No,
Alarms_Bit_Field_Register_B_Zone_5,165,16 bits,Bit field used to indicate if Any of alarms 17 -> 32 are Asserted in the Zone 5 strings,Binary Value,n/a,0x0000 -> 0xFFFF,n/a,0x0020,No,
Alarms_Bit_Field_Register_C_Zone_5,166,16 bits,Bit field used to indicate if Any of alarms 33 -> 48 are Asserted in the Zone 5 strings,Binary Value,n/a,0x0000 -> 0xFFFF,n/a,0x0020,No,
Alarms_Bit_Field_Register_D_Zone_5,167,16 bits,Bit field used to indicate if Any of alarms 49 -> 64 are Asserted in the Zone 5 strings,Binary Value,n/a,0x0000 -> 0xFFFF,n/a,0x0020,No,
Alarms_Bit_Field_Register_A_Zone_6,168,16 bits,Bit field used to indicate if Any of alarms 1 -> 16 are Asserted in the Zone 6 strings,Binary Value,n/a,0x0000 -> 0xFFFF,n/a,0x0020,No,
Alarms_Bit_Field_Register_B_Zone_6,169,16 bits,Bit field used to indicate if Any of alarms 17 -> 32 are Asserted in the Zone 6 strings,Binary Value,n/a,0x0000 -> 0xFFFF,n/a,0x0020,No,
Alarms_Bit_Field_Register_C_Zone_6,170,16 bits,Bit field used to indicate if Any of alarms 33 -> 48 are Asserted in the Zone 6 strings,Binary Value,n/a,0x0000 -> 0xFFFF,n/a,0x0020,No,
Alarms_Bit_Field_Register_D_Zone_6,171,16 bits,Bit field used to indicate if Any of alarms 49 -> 64 are Asserted in the Zone 6 strings,Binary Value,n/a,0x0000 -> 0xFFFF,n/a,0x0020,No,
,,,,,,,,,,
,,,,,,,,,,
Voltage_String_1,1000,16 bits,Battery String Voltage,Unsigned Integer,Volts,0 -> 11000,x10,8250,No,8250 = 825.0V
Voltage_String_2,1001,16 bits,Battery String Voltage,Unsigned Integer,Volts,0 -> 11000,x10,8250,No,
Voltage_String_3,1002,16 bits,Battery String Voltage,Unsigned Integer,Volts,0 -> 11000,x10,8250,No,
Voltage_String_4,1003,16 bits,Battery String Voltage,Unsigned Integer,Volts,0 -> 11000,x10,8250,No,
Voltage_String_5,1004,16 bits,Battery String Voltage,Unsigned Integer,Volts,0 -> 11000,x10,8250,No,
Voltage_String_6,1005,16 bits,Battery String Voltage,Unsigned Integer,Volts,0 -> 11000,x10,8250,No,
Voltage_String_7,1006,16 bits,Battery String Voltage,Unsigned Integer,Volts,0 -> 11000,x10,8250,No,
Voltage_String_8,1007,16 bits,Battery String Voltage,Unsigned Integer,Volts,0 -> 11000,x10,8250,No,
Voltage_String_9,1008,16 bits,Battery String Voltage,Unsigned Integer,Volts,0 -> 11000,x10,8250,No,
Voltage_String_10,1009,16 bits,Battery String Voltage,Unsigned Integer,Volts,0 -> 11000,x10,8250,No,
Voltage_String_11,1010,16 bits,Battery String Voltage,Unsigned Integer,Volts,0 -> 11000,x10,8250,No,
Voltage_String_12,1011,16 bits,Battery String Voltage,Unsigned Integer,Volts,0 -> 11000,x10,8250,No,
Voltage_String_13,1012,16 bits,Battery String Voltage,Unsigned Integer,Volts,0 -> 11000,x10,8250,No,
Voltage_String_14,1013,16 bits,Battery String Voltage,Unsigned Integer,Volts,0 -> 11000,x10,8250,No,
Voltage_String_15,1014,16 bits,Battery String Voltage,Unsigned Integer,Volts,0 -> 11000,x10,8250,No,
Voltage_String_16,1015,16 bits,Battery String Voltage,Unsigned Integer,Volts,0 -> 11000,x10,8250,No,
Voltage_String_17,1016,16 bits,Battery String Voltage,Unsigned Integer,Volts,0 -> 11000,x10,8250,No,
Voltage_String_18,1017,16 bits,Battery String Voltage,Unsigned Integer,Volts,0 -> 11000,x10,8250,No,
Voltage_String_19,1018,16 bits,Battery String Voltage,Unsigned Integer,Volts,0 -> 11000,x10,8250,No,
Voltage_String_20,1019,16 bits,Battery String Voltage,Unsigned Integer,Volts,0 -> 11000,x10,8250,No,
Voltage_String_21,1020,16 bits,Battery String Voltage,Unsigned Integer,Volts,0 -> 11000,x10,8250,No,
Voltage_String_22,1021,16 bits,Battery String Voltage,Unsigned Integer,Volts,0 -> 11000,x10,8250,No,
Voltage_String_23,1022,16 bits,Battery String Voltage,Unsigned Integer,Volts,0 -> 11000,x10,8250,No,
Voltage_String_24,1023,16 bits,Battery String Voltage,Unsigned Integer,Volts,0 -> 11000,x10,8250,No,
Bus_Voltage_String_1,1024,16 bits,Bus Voltage Reading from String 1,Unsigned Integer,Volts,0 -> 11000,x10,8250,No,8250 = 825.0V
Bus_Voltage_String_2,1025,16 bits,Bus Voltage Reading from String 2,Unsigned Integer,Volts,0 -> 11000,x10,8250,No,
Bus_Voltage_String_3,1026,16 bits,Bus Voltage Reading from String 3,Unsigned Integer,Volts,0 -> 11000,x10,8250,No,
Bus_Voltage_String_4,1027,16 bits,Bus Voltage Reading from String 4,Unsigned Integer,Volts,0 -> 11000,x10,8250,No,
Bus_Voltage_String_5,1028,16 bits,Bus Voltage Reading from String 5,Unsigned Integer,Volts,0 -> 11000,x10,8250,No,
Bus_Voltage_String_6,1029,16 bits,Bus Voltage Reading from String 6,Unsigned Integer,Volts,0 -> 11000,x10,8250,No,
Bus_Voltage_String_7,1030,16 bits,Bus Voltage Reading from String 7,Unsigned Integer,Volts,0 -> 11000,x10,8250,No,
Bus_Voltage_String_8,1031,16 bits,Bus Voltage Reading from String 8,Unsigned Integer,Volts,0 -> 11000,x10,8250,No,
Bus_Voltage_String_9,1032,16 bits,Bus Voltage Reading from String 9,Unsigned Integer,Volts,0 -> 11000,x10,8250,No,
Bus_Voltage_String_10,1033,16 bits,Bus Voltage Reading from String 10,Unsigned Integer,Volts,0 -> 11000,x10,8250,No,
Bus_Voltage_String_11,1034,16 bits,Bus Voltage Reading from String 11,Unsigned Integer,Volts,0 -> 11000,x10,8250,No,
Bus_Voltage_String_12,1035,16 bits,Bus Voltage Reading from String 12,Unsigned Integer,Volts,0 -> 11000,x10,8250,No,
Bus_Voltage_String_13,1036,16 bits,Bus Voltage Reading from String 13,Unsigned Integer,Volts,0 -> 11000,x10,8250,No,
Bus_Voltage_String_14,1037,16 bits,Bus Voltage Reading from String 14,Unsigned Integer,Volts,0 -> 11000,x10,8250,No,
Bus_Voltage_String_15,1038,16 bits,Bus Voltage Reading from String 15,Unsigned Integer,Volts,0 -> 11000,x10,8250,No,
Bus_Voltage_String_16,1039,16 bits,Bus Voltage Reading from String 16,Unsigned Integer,Volts,0 -> 11000,x10,8250,No,
Bus_Voltage_String_17,1040,16 bits,Bus Voltage Reading from String 17,Unsigned Integer,Volts,0 -> 11000,x10,8250,No,
Bus_Voltage_String_18,1041,16 bits,Bus Voltage Reading from String 18,Unsigned Integer,Volts,0 -> 11000,x10,8250,No,
Bus_Voltage_String_19,1042,16 bits,Bus Voltage Reading from String 19,Unsigned Integer,Volts,0 -> 11000,x10,8250,No,
Bus_Voltage_String_20,1043,16 bits,Bus Voltage Reading from String 20,Unsigned Integer,Volts,0 -> 11000,x10,8250,No,
Bus_Voltage_String_21,1044,16 bits,Bus Voltage Reading from String 21,Unsigned Integer,Volts,0 -> 11000,x10,8250,No,
Bus_Voltage_String_22,1045,16 bits,Bus Voltage Reading from String 22,Unsigned Integer,Volts,0 -> 11000,x10,8250,No,
Bus_Voltage_String_23,1046,16 bits,Bus Voltage Reading from String 23,Unsigned Integer,Volts,0 -> 11000,x10,8250,No,
Bus_Voltage_String_24,1047,16 bits,Bus Voltage Reading from String 24,Unsigned Integer,Volts,0 -> 11000,x10,8250,No,
Current_String_1,1048,16 bits,Battery String Current,Signed Integer,Amps,-4500 -> +4500,x10,1250,No,1250 = 125.0A Discharge current
Current_String_2,1049,16 bits,Battery String Current,Signed Integer,Amps,-4500 -> +4500,x10,1250,No,
Current_String_3,1050,16 bits,Battery String Current,Signed Integer,Amps,-4500 -> +4500,x10,1250,No,
Current_String_4,1051,16 bits,Battery String Current,Signed Integer,Amps,-4500 -> +4500,x10,1250,No,
Current_String_5,1052,16 bits,Battery String Current,Signed Integer,Amps,-4500 -> +4500,x10,1250,No,
Current_String_6,1053,16 bits,Battery String Current,Signed Integer,Amps,-4500 -> +4500,x10,1250,No,
Current_String_7,1054,16 bits,Battery String Current,Signed Integer,Amps,-4500 -> +4500,x10,1250,No,
Current_String_8,1055,16 bits,Battery String Current,Signed Integer,Amps,-4500 -> +4500,x10,1250,No,
Current_String_9,1056,16 bits,Battery String Current,Signed Integer,Amps,-4500 -> +4500,x10,1250,No,
Current_String_10,1057,16 bits,Battery String Current,Signed Integer,Amps,-4500 -> +4500,x10,1250,No,
Current_String_11,1058,16 bits,Battery String Current,Signed Integer,Amps,-4500 -> +4500,x10,1250,No,
Current_String_12,1059,16 bits,Battery String Current,Signed Integer,Amps,-4500 -> +4500,x10,1250,No,
Current_String_13,1060,16 bits,Battery String Current,Signed Integer,Amps,-4500 -> +4500,x10,1250,No,
Current_String_14,1061,16 bits,Battery String Current,Signed Integer,Amps,-4500 -> +4500,x10,1250,No,
Current_String_15,1062,16 bits,Battery String Current,Signed Integer,Amps,-4500 -> +4500,x10,1250,No,
Current_String_16,1063,16 bits,Battery String Current,Signed Integer,Amps,-4500 -> +4500,x10,1250,No,
Current_String_17,1064,16 bits,Battery String Current,Signed Integer,Amps,-4500 -> +4500,x10,1250,No,
Current_String_18,1065,16 bits,Battery String Current,Signed Integer,Amps,-4500 -> +4500,x10,1250,No,
Current_String_19,1066,16 bits,Battery String Current,Signed Integer,Amps,-4500 -> +4500,x10,1250,No,
Current_String_20,1067,16 bits,Battery String Current,Signed Integer,Amps,-4500 -> +4500,x10,1250,No,
Current_String_21,1068,16 bits,Battery String Current,Signed Integer,Amps,-4500 -> +4500,x10,1250,No,
Current_String_22,1069,16 bits,Battery String Current,Signed Integer,Amps,-4500 -> +4500,x10,1250,No,
Current_String_23,1070,16 bits,Battery String Current,Signed Integer,Amps,-4500 -> +4500,x10,1250,No,
Current_String_24,1071,16 bits,Battery String Current,Signed Integer,Amps,-4500 -> +4500,x10,1250,No,
Element_Voltage_Max_String_1,1072,16 bits,Max cell/element voltage in the string,Unsigned Integer,Volts,0 -> 5000,x1000,3950,No,3950 = 3.950V
Element_Voltage_Max_String_2,1073,16 bits,Max cell/element voltage in the string,Unsigned Integer,Volts,0 -> 5000,x1000,3950,No,
Element_Voltage_Max_String_3,1074,16 bits,Max cell/element voltage in the string,Unsigned Integer,Volts,0 -> 5000,x1000,3950,No,
Element_Voltage_Max_String_4,1075,16 bits,Max cell/element voltage in the string,Unsigned Integer,Volts,0 -> 5000,x1000,3950,No,
Element_Voltage_Max_String_5,1076,16 bits,Max cell/element voltage in the string,Unsigned Integer,Volts,0 -> 5000,x1000,3950,No,
Element_Voltage_Max_String_6,1077,16 bits,Max cell/element voltage in the string,Unsigned Integer,Volts,0 -> 5000,x1000,3950,No,
Element_Voltage_Max_String_7,1078,16 bits,Max cell/element voltage in the string,Unsigned Integer,Volts,0 -> 5000,x1000,3950,No,
Element_Voltage_Max_String_8,1079,16 bits,Max cell/element voltage in the string,Unsigned Integer,Volts,0 -> 5000,x1000,3950,No,
Element_Voltage_Max_String_9,1080,16 bits,Max cell/element voltage in the string,Unsigned Integer,Volts,0 -> 5000,x1000,3950,No,
Element_Voltage_Max_String_10,1081,16 bits,Max cell/element voltage in the string,Unsigned Integer,Volts,0 -> 5000,x1000,3950,No,
Element_Voltage_Max_String_11,1082,16 bits,Max cell/element voltage in the string,Unsigned Integer,Volts,0 -> 5000,x1000,3950,No,
Element_Voltage_Max_String_12,1083,16 bits,Max cell/element voltage in the string,Unsigned Integer,Volts,0 -> 5000,x1000,3950,No,
Element_Voltage_Max_String_13,1084,16 bits,Max cell/element voltage in the string,Unsigned Integer,Volts,0 -> 5000,x1000,3950,No,
Element_Voltage_Max_String_14,1085,16 bits,Max cell/element voltage in the string,Unsigned Integer,Volts,0 -> 5000,x1000,3950,No,
Element_Voltage_Max_String_15,1086,16 bits,Max cell/element voltage in the string,Unsigned Integer,Volts,0 -> 5000,x1000,3950,No,
Element_Voltage_Max_String_16,1087,16 bits,Max cell/element voltage in the string,Unsigned Integer,Volts,0 -> 5000,x1000,3950,No,
Element_Voltage_Max_String_17,1088,16 bits,Max cell/element voltage in the string,Unsigned Integer,Volts,0 -> 5000,x1000,3950,No,
Element_Voltage_Max_String_18,1089,16 bits,Max cell/element voltage in the string,Unsigned Integer,Volts,0 -> 5000,x1000,3950,No,
Element_Voltage_Max_String_19,1090,16 bits,Max cell/element voltage in the string,Unsigned Integer,Volts,0 -> 5000,x1000,3950,No,
Element_Voltage_Max_String_20,1091,16 bits,Max cell/element voltage in the string,Unsigned Integer,Volts,0 -> 5000,x1000,3950,No,
Element_Voltage_Max_String_21,1092,16 bits,Max cell/element voltage in the string,Unsigned Integer,Volts,0 -> 5000,x1000,3950,No,
Element_Voltage_Max_String_22,1093,16 bits,Max cell/element voltage in the string,Unsigned Integer,Volts,0 -> 5000,x1000,3950,No,
Element_Voltage_Max_String_23,1094,16 bits,Max cell/element voltage in the string,Unsigned Integer,Volts,0 -> 5000,x1000,3950,No,
Element_Voltage_Max_String_24,1095,16 bits,Max cell/element voltage in the string,Unsigned Integer,Volts,0 -> 5000,x1000,3950,No,
Element_Voltage_Min_String_1,1096,16 bits,Min cell/element voltage in the string,Unsigned Integer,Volts,0 -> 5000,x1000,3745,No,3745 = 3.745V
Element_Voltage_Min_String_2,1097,16 bits,Min cell/element voltage in the string,Unsigned Integer,Volts,0 -> 5000,x1000,3745,No,
Element_Voltage_Min_String_3,1098,16 bits,Min cell/element voltage in the string,Unsigned Integer,Volts,0 -> 5000,x1000,3745,No,
Element_Voltage_Min_String_4,1099,16 bits,Min cell/element voltage in the string,Unsigned Integer,Volts,0 -> 5000,x1000,3745,No,
Element_Voltage_Min_String_5,1100,16 bits,Min cell/element voltage in the string,Unsigned Integer,Volts,0 -> 5000,x1000,3745,No,
Element_Voltage_Min_String_6,1101,16 bits,Min cell/element voltage in the string,Unsigned Integer,Volts,0 -> 5000,x1000,3745,No,
Element_Voltage_Min_String_7,1102,16 bits,Min cell/element voltage in the string,Unsigned Integer,Volts,0 -> 5000,x1000,3745,No,
Element_Voltage_Min_String_8,1103,16 bits,Min cell/element voltage in the string,Unsigned Integer,Volts,0 -> 5000,x1000,3745,No,
Element_Voltage_Min_String_9,1104,16 bits,Min cell/element voltage in the string,Unsigned Integer,Volts,0 -> 5000,x1000,3745,No,
Element_Voltage_Min_String_10,1105,16 bits,Min cell/element voltage in the string,Unsigned Integer,Volts,0 -> 5000,x1000,3745,No,
Element_Voltage_Min_String_11,1106,16 bits,Min cell/element voltage in the string,Unsigned Integer,Volts,0 -> 5000,x1000,3745,No,
Element_Voltage_Min_String_12,1107,16 bits,Min cell/element voltage in the string,Unsigned Integer,Volts,0 -> 5000,x1000,3745,No,
Element_Voltage_Min_String_13,1108,16 bits,Min cell/element voltage in the string,Unsigned Integer,Volts,0 -> 5000,x1000,3745,No,
Element_Voltage_Min_String_14,1109,16 bits,Min cell/element voltage in the string,Unsigned Integer,Volts,0 -> 5000,x1000,3745,No,
Element_Voltage_Min_String_15,1110,16 bits,Min cell/element voltage in the string,Unsigned Integer,Volts,0 -> 5000,x1000,3745,No,
Element_Voltage_Min_String_16,1111,16 bits,Min cell/element voltage in the string,Unsigned Integer,Volts,0 -> 5000,x1000,3745,No,
Element_Voltage_Min_String_17,1112,16 bits,Min cell/element voltage in the string,Unsigned Integer,Volts,0 -> 5000,x1000,3745,No,
Element_Voltage_Min_String_18,1113,16 bits,Min cell/element voltage in the string,Unsigned Integer,Volts,0 -> 5000,x1000,3745,No,
Element_Voltage_Min_String_19,1114,16 bits,Min cell/element voltage in the string,Unsigned Integer,Volts,0 -> 5000,x1000,3745,No,
Element_Voltage_Min_String_20,1115,16 bits,Min cell/element voltage in the string,Unsigned Integer,Volts,0 -> 5000,x1000,3745,No,
Element_Voltage_Min_String_21,1116,16 bits,Min cell/element voltage in the string,Unsigned Integer,Volts,0 -> 5000,x1000,3745,No,
Element_Voltage_Min_String_22,1117,16 bits,Min cell/element voltage in the string,Unsigned Integer,Volts,0 -> 5000,x1000,3745,No,
Element_Voltage_Min_String_23,1118,16 bits,Min cell/element voltage in the string,Unsigned Integer,Volts,0 -> 5000,x1000,3745,No,
Element_Voltage_Min_String_24,1119,16 bits,Min cell/element voltage in the string,Unsigned Integer,Volts,0 -> 5000,x1000,3745,No,
Element_Voltage_Average_String_1,1120,16 bits,Average cell/element voltage in the string,Unsigned Integer,Volts,0 -> 5000,x1000,3855,No,3855 = 3.855V
Element_Voltage_Average_String_2,1121,16 bits,Average cell/element voltage in the string,Unsigned Integer,Volts,0 -> 5000,x1000,3855,No,
Element_Voltage_Average_String_3,1122,16 bits,Average cell/element voltage in the string,Unsigned Integer,Volts,0 -> 5000,x1000,3855,No,
Element_Voltage_Average_String_4,1123,16 bits,Average cell/element voltage in the string,Unsigned Integer,Volts,0 -> 5000,x1000,3855,No,
Element_Voltage_Average_String_5,1124,16 bits,Average cell/element voltage in the string,Unsigned Integer,Volts,0 -> 5000,x1000,3855,No,
Element_Voltage_Average_String_6,1125,16 bits,Average cell/element voltage in the string,Unsigned Integer,Volts,0 -> 5000,x1000,3855,No,
Element_Voltage_Average_String_7,1126,16 bits,Average cell/element voltage in the string,Unsigned Integer,Volts,0 -> 5000,x1000,3855,No,
Element_Voltage_Average_String_8,1127,16 bits,Average cell/element voltage in the string,Unsigned Integer,Volts,0 -> 5000,x1000,3855,No,
Element_Voltage_Average_String_9,1128,16 bits,Average cell/element voltage in the string,Unsigned Integer,Volts,0 -> 5000,x1000,3855,No,
Element_Voltage_Average_String_10,1129,16 bits,Average cell/element voltage in the string,Unsigned Integer,Volts,0 -> 5000,x1000,3855,No,
Element_Voltage_Average_String_11,1130,16 bits,Average cell/element voltage in the string,Unsigned Integer,Volts,0 -> 5000,x1000,3855,No,
Element_Voltage_Average_String_12,1131,16 bits,Average cell/element voltage in the string,Unsigned Integer,Volts,0 -> 5000,x1000,3855,No,
Element_Voltage_Average_String_13,1132,16 bits,Average cell/element voltage in the string,Unsigned Integer,Volts,0 -> 5000,x1000,3855,No,
Element_Voltage_Average_String_14,1133,16 bits,Average cell/element voltage in the string,Unsigned Integer,Volts,0 -> 5000,x1000,3855,No,
Element_Voltage_Average_String_15,1134,16 bits,Average cell/element voltage in the string,Unsigned Integer,Volts,0 -> 5000,x1000,3855,No,
Element_Voltage_Average_String_16,1135,16 bits,Average cell/element voltage in the string,Unsigned Integer,Volts,0 -> 5000,x1000,3855,No,
Element_Voltage_Average_String_17,1136,16 bits,Average cell/element voltage in the string,Unsigned Integer,Volts,0 -> 5000,x1000,3855,No,
Element_Voltage_Average_String_18,1137,16 bits,Average cell/element voltage in the string,Unsigned Integer,Volts,0 -> 5000,x1000,3855,No,
Element_Voltage_Average_String_19,1138,16 bits,Average cell/element voltage in the string,Unsigned Integer,Volts,0 -> 5000,x1000,3855,No,
Element_Voltage_Average_String_20,1139,16 bits,Average cell/element voltage in the string,Unsigned Integer,Volts,0 -> 5000,x1000,3855,No,
Element_Voltage_Average_String_21,1140,16 bits,Average cell/element voltage in the string,Unsigned Integer,Volts,0 -> 5000,x1000,3855,No,
Element_Voltage_Average_String_22,1141,16 bits,Average cell/element voltage in the string,Unsigned Integer,Volts,0 -> 5000,x1000,3855,No,
Element_Voltage_Average_String_23,1142,16 bits,Average cell/element voltage in the string,Unsigned Integer,Volts,0 -> 5000,x1000,3855,No,
Element_Voltage_Average_String_24,1143,16 bits,Average cell/element voltage in the string,Unsigned Integer,Volts,0 -> 5000,x1000,3855,No,
Element_Temperature_Max_String_1,1144,16 bits,Max stack temperature in the string,Signed Integer,Celsius,-400 -> 1000,x10,295,No,295 = 29.5 Degrees Celsius
Element_Temperature_Max_String_2,1145,16 bits,Max stack temperature in the string,Signed Integer,Celsius,-400 -> 1000,x10,295,No,
Element_Temperature_Max_String_3,1146,16 bits,Max stack temperature in the string,Signed Integer,Celsius,-400 -> 1000,x10,295,No,
Element_Temperature_Max_String_4,1147,16 bits,Max stack temperature in the string,Signed Integer,Celsius,-400 -> 1000,x10,295,No,
Element_Temperature_Max_String_5,1148,16 bits,Max stack temperature in the string,Signed Integer,Celsius,-400 -> 1000,x10,295,No,
Element_Temperature_Max_String_6,1149,16 bits,Max stack temperature in the string,Signed Integer,Celsius,-400 -> 1000,x10,295,No,
Element_Temperature_Max_String_7,1150,16 bits,Max stack temperature in the string,Signed Integer,Celsius,-400 -> 1000,x10,295,No,
Element_Temperature_Max_String_8,1151,16 bits,Max stack temperature in the string,Signed Integer,Celsius,-400 -> 1000,x10,295,No,
Element_Temperature_Max_String_9,1152,16 bits,Max stack temperature in the string,Signed Integer,Celsius,-400 -> 1000,x10,295,No,
Element_Temperature_Max_String_10,1153,16 bits,Max stack temperature in the string,Signed Integer,Celsius,-400 -> 1000,x10,295,No,
Element_Temperature_Max_String_11,1154,16 bits,Max stack temperature in the string,Signed Integer,Celsius,-400 -> 1000,x10,295,No,
Element_Temperature_Max_String_12,1155,16 bits,Max stack temperature in the string,Signed Integer,Celsius,-400 -> 1000,x10,295,No,
Element_Temperature_Max_String_13,1156,16 bits,Max stack temperature in the string,Signed Integer,Celsius,-400 -> 1000,x10,295,No,
Element_Temperature_Max_String_14,1157,16 bits,Max stack temperature in the string,Signed Integer,Celsius,-400 -> 1000,x10,295,No,
Element_Temperature_Max_String_15,1158,16 bits,Max stack temperature in the string,Signed Integer,Celsius,-400 -> 1000,x10,295,No,
Element_Temperature_Max_String_16,1159,16 bits,Max stack temperature in the string,Signed Integer,Celsius,-400 -> 1000,x10,295,No,
Element_Temperature_Max_String_17,1160,16 bits,Max stack temperature in the string,Signed Integer,Celsius,-400 -> 1000,x10,295,No,
Element_Temperature_Max_String_18,1161,16 bits,Max stack temperature in the string,Signed Integer,Celsius,-400 -> 1000,x10,295,No,
Element_Temperature_Max_String_19,1162,16 bits,Max stack temperature in the string,Signed Integer,Celsius,-400 -> 1000,x10,295,No,
Element_Temperature_Max_String_20,1163,16 bits,Max stack temperature in the string,Signed Integer,Celsius,-400 -> 1000,x10,295,No,
Element_Temperature_Max_String_21,1164,16 bits,Max stack temperature in the string,Signed Integer,Celsius,-400 -> 1000,x10,295,No,
Element_Temperature_Max_String_22,1165,16 bits,Max stack temperature in the string,Signed Integer,Celsius,-400 -> 1000,x10,295,No,
Element_Temperature_Max_String_23,1166,16 bits,Max stack temperature in the string,Signed Integer,Celsius,-400 -> 1000,x10,295,No,
Element_Temperature_Max_String_24,1167,16 bits,Max stack temperature in the string,Signed Integer,Celsius,-400 -> 1000,x10,295,No,
Element_Temperature_Min_String_1,1168,16 bits,Min stack temperature in the string,Signed Integer,Celsius,-400 -> 1000,x10,260,No,260 = 26.0 Degrees Celsius
Element_Temperature_Min_String_2,1169,16 bits,Min stack temperature in the string,Signed Integer,Celsius,-400 -> 1000,x10,260,No,
Element_Temperature_Min_String_3,1170,16 bits,Min stack temperature in the string,Signed Integer,Celsius,-400 -> 1000,x10,260,No,
Element_Temperature_Min_String_4,1171,16 bits,Min stack temperature in the string,Signed Integer,Celsius,-400 -> 1000,x10,260,No,
Element_Temperature_Min_String_5,1172,16 bits,Min stack temperature in the string,Signed Integer,Celsius,-400 -> 1000,x10,260,No,
Element_Temperature_Min_String_6,1173,16 bits,Min stack temperature in the string,Signed Integer,Celsius,-400 -> 1000,x10,260,No,
Element_Temperature_Min_String_7,1174,16 bits,Min stack temperature in the string,Signed Integer,Celsius,-400 -> 1000,x10,260,No,
Element_Temperature_Min_String_8,1175,16 bits,Min stack temperature in the string,Signed Integer,Celsius,-400 -> 1000,x10,260,No,
Element_Temperature_Min_String_9,1176,16 bits,Min stack temperature in the string,Signed Integer,Celsius,-400 -> 1000,x10,260,No,
Element_Temperature_Min_String_10,1177,16 bits,Min stack temperature in the string,Signed Integer,Celsius,-400 -> 1000,x10,260,No,
Element_Temperature_Min_String_11,1178,16 bits,Min stack temperature in the string,Signed Integer,Celsius,-400 -> 1000,x10,260,No,
Element_Temperature_Min_String_12,1179,16 bits,Min stack temperature in the string,Signed Integer,Celsius,-400 -> 1000,x10,260,No,
Element_Temperature_Min_String_13,1180,16 bits,Min stack temperature in the string,Signed Integer,Celsius,-400 -> 1000,x10,260,No,
Element_Temperature_Min_String_14,1181,16 bits,Min stack temperature in the string,Signed Integer,Celsius,-400 -> 1000,x10,260,No,
Element_Temperature_Min_String_15,1182,16 bits,Min stack temperature in the string,Signed Integer,Celsius,-400 -> 1000,x10,260,No,
Element_Temperature_Min_String_16,1183,16 bits,Min stack temperature in the string,Signed Integer,Celsius,-400 -> 1000,x10,260,No,
Element_Temperature_Min_String_17,1184,16 bits,Min stack temperature in the string,Signed Integer,Celsius,-400 -> 1000,x10,260,No,
Element_Temperature_Min_String_18,1185,16 bits,Min stack temperature in the string,Signed Integer,Celsius,-400 -> 1000,x10,260,No,
Element_Temperature_Min_String_19,1186,16 bits,Min stack temperature in the string,Signed Integer,Celsius,-400 -> 1000,x10,260,No,
Element_Temperature_Min_String_20,1187,16 bits,Min stack temperature in the string,Signed Integer,Celsius,-400 -> 1000,x10,260,No,
Element_Temperature_Min_String_21,1188,16 bits,Min stack temperature in the string,Signed Integer,Celsius,-400 -> 1000,x10,260,No,
Element_Temperature_Min_String_22,1189,16 bits,Min stack temperature in the string,Signed Integer,Celsius,-400 -> 1000,x10,260,No,
Element_Temperature_Min_String_23,1190,16 bits,Min stack temperature in the string,Signed Integer,Celsius,-400 -> 1000,x10,260,No,
Element_Temperature_Min_String_24,1191,16 bits,Min stack temperature in the string,Signed Integer,Celsius,-400 -> 1000,x10,260,No,
Element_Temperature_Average_String_1,1192,16 bits,Average stack temperature in the string,Signed Integer,Celsius,-400 -> 1000,x10,270,No,270 = 27.0 Degrees Celsius
Element_Temperature_Average_String_2,1193,16 bits,Average stack temperature in the string,Signed Integer,Celsius,-400 -> 1000,x10,270,No,
Element_Temperature_Average_String_3,1194,16 bits,Average stack temperature in the string,Signed Integer,Celsius,-400 -> 1000,x10,270,No,
Element_Temperature_Average_String_4,1195,16 bits,Average stack temperature in the string,Signed Integer,Celsius,-400 -> 1000,x10,270,No,
Element_Temperature_Average_String_5,1196,16 bits,Average stack temperature in the string,Signed Integer,Celsius,-400 -> 1000,x10,270,No,
Element_Temperature_Average_String_6,1197,16 bits,Average stack temperature in the string,Signed Integer,Celsius,-400 -> 1000,x10,270,No,
Element_Temperature_Average_String_7,1198,16 bits,Average stack temperature in the string,Signed Integer,Celsius,-400 -> 1000,x10,270,No,
Element_Temperature_Average_String_8,1199,16 bits,Average stack temperature in the string,Signed Integer,Celsius,-400 -> 1000,x10,270,No,
Element_Temperature_Average_String_9,1200,16 bits,Average stack temperature in the string,Signed Integer,Celsius,-400 -> 1000,x10,270,No,
Element_Temperature_Average_String_10,1201,16 bits,Average stack temperature in the string,Signed Integer,Celsius,-400 -> 1000,x10,270,No,
Element_Temperature_Average_String_11,1202,16 bits,Average stack temperature in the string,Signed Integer,Celsius,-400 -> 1000,x10,270,No,
Element_Temperature_Average_String_12,1203,16 bits,Average stack temperature in the string,Signed Integer,Celsius,-400 -> 1000,x10,270,No,
Element_Temperature_Average_String_13,1204,16 bits,Average stack temperature in the string,Signed Integer,Celsius,-400 -> 1000,x10,270,No,
Element_Temperature_Average_String_14,1205,16 bits,Average stack temperature in the string,Signed Integer,Celsius,-400 -> 1000,x10,270,No,
Element_Temperature_Average_String_15,1206,16 bits,Average stack temperature in the string,Signed Integer,Celsius,-400 -> 1000,x10,270,No,
Element_Temperature_Average_String_16,1207,16 bits,Average stack temperature in the string,Signed Integer,Celsius,-400 -> 1000,x10,270,No,
Element_Temperature_Average_String_17,1208,16 bits,Average stack temperature in the string,Signed Integer,Celsius,-400 -> 1000,x10,270,No,
Element_Temperature_Average_String_18,1209,16 bits,Average stack temperature in the string,Signed Integer,Celsius,-400 -> 1000,x10,270,No,
Element_Temperature_Average_String_19,1210,16 bits,Average stack temperature in the string,Signed Integer,Celsius,-400 -> 1000,x10,270,No,
Element_Temperature_Average_String_20,1211,16 bits,Average stack temperature in the string,Signed Integer,Celsius,-400 -> 1000,x10,270,No,
Element_Temperature_Average_String_21,1212,16 bits,Average stack temperature in the string,Signed Integer,Celsius,-400 -> 1000,x10,270,No,
Element_Temperature_Average_String_22,1213,16 bits,Average stack temperature in the string,Signed Integer,Celsius,-400 -> 1000,x10,270,No,
Element_Temperature_Average_String_23,1214,16 bits,Average stack temperature in the string,Signed Integer,Celsius,-400 -> 1000,x10,270,No,
Element_Temperature_Average_String_24,1215,16 bits,Average stack temperature in the string,Signed Integer,Celsius,-400 -> 1000,x10,270,No,
Element_SoC_Max_String_1,1216,16 bits,Max cell/element SoC in the string,Unsigned Integer,Percentage,0 -> 1000,x10,785,No,785 = 78.5%
Element_SoC_Max_String_2,1217,16 bits,Max cell/element SoC in the string,Unsigned Integer,Percentage,0 -> 1000,x10,785,No,
Element_SoC_Max_String_3,1218,16 bits,Max cell/element SoC in the string,Unsigned Integer,Percentage,0 -> 1000,x10,785,No,
Element_SoC_Max_String_4,1219,16 bits,Max cell/element SoC in the string,Unsigned Integer,Percentage,0 -> 1000,x10,785,No,
Element_SoC_Max_String_5,1220,16 bits,Max cell/element SoC in the string,Unsigned Integer,Percentage,0 -> 1000,x10,785,No,
Element_SoC_Max_String_6,1221,16 bits,Max cell/element SoC in the string,Unsigned Integer,Percentage,0 -> 1000,x10,785,No,
Element_SoC_Max_String_7,1222,16 bits,Max cell/element SoC in the string,Unsigned Integer,Percentage,0 -> 1000,x10,785,No,
Element_SoC_Max_String_8,1223,16 bits,Max cell/element SoC in the string,Unsigned Integer,Percentage,0 -> 1000,x10,785,No,
Element_SoC_Max_String_9,1224,16 bits,Max cell/element SoC in the string,Unsigned Integer,Percentage,0 -> 1000,x10,785,No,
Element_SoC_Max_String_10,1225,16 bits,Max cell/element SoC in the string,Unsigned Integer,Percentage,0 -> 1000,x10,785,No,
Element_SoC_Max_String_11,1226,16 bits,Max cell/element SoC in the string,Unsigned Integer,Percentage,0 -> 1000,x10,785,No,
Element_SoC_Max_String_12,1227,16 bits,Max cell/element SoC in the string,Unsigned Integer,Percentage,0 -> 1000,x10,785,No,
Element_SoC_Max_String_13,1228,16 bits,Max cell/element SoC in the string,Unsigned Integer,Percentage,0 -> 1000,x10,785,No,
Element_SoC_Max_String_14,1229,16 bits,Max cell/element SoC in the string,Unsigned Integer,Percentage,0 -> 1000,x10,785,No,
Element_SoC_Max_String_15,1230,16 bits,Max cell/element SoC in the string,Unsigned Integer,Percentage,0 -> 1000,x10,785,No,
Element_SoC_Max_String_16,1231,16 bits,Max cell/element SoC in the string,Unsigned Integer,Percentage,0 -> 1000,x10,785,No,
Element_SoC_Max_String_17,1232,16 bits,Max cell/element SoC in the string,Unsigned Integer,Percentage,0 -> 1000,x10,785,No,
Element_SoC_Max_String_18,1233,16 bits,Max cell/element SoC in the string,Unsigned Integer,Percentage,0 -> 1000,x10,785,No,
Element_SoC_Max_String_19,1234,16 bits,Max cell/element SoC in the string,Unsigned Integer,Percentage,0 -> 1000,x10,785,No,
Element_SoC_Max_String_20,1235,16 bits,Max cell/element SoC in the string,Unsigned Integer,Percentage,0 -> 1000,x10,785,No,
Element_SoC_Max_String_21,1236,16 bits,Max cell/element SoC in the string,Unsigned Integer,Percentage,0 -> 1000,x10,785,No,
Element_SoC_Max_String_22,1237,16 bits,Max cell/element SoC in the string,Unsigned Integer,Percentage,0 -> 1000,x10,785,No,
Element_SoC_Max_String_23,1238,16 bits,Max cell/element SoC in the string,Unsigned Integer,Percentage,0 -> 1000,x10,785,No,
Element_SoC_Max_String_24,1239,16 bits,Max cell/element SoC in the string,Unsigned Integer,Percentage,0 -> 1000,x10,785,No,
Element_SoC_Min_String_1,1240,16 bits,Min cell/element SoC in the string,Unsigned Integer,Percentage,0 -> 1000,x10,770,No,770 = 77.0%
Element_SoC_Min_String_2,1241,16 bits,Min cell/element SoC in the string,Unsigned Integer,Percentage,0 -> 1000,x10,770,No,
Element_SoC_Min_String_3,1242,16 bits,Min cell/element SoC in the string,Unsigned Integer,Percentage,0 -> 1000,x10,770,No,
Element_SoC_Min_String_4,1243,16 bits,Min cell/element SoC in the string,Unsigned Integer,Percentage,0 -> 1000,x10,770,No,
Element_SoC_Min_String_5,1244,16 bits,Min cell/element SoC in the string,Unsigned Integer,Percentage,0 -> 1000,x10,770,No,
Element_SoC_Min_String_6,1245,16 bits,Min cell/element SoC in the string,Unsigned Integer,Percentage,0 -> 1000,x10,770,No,
Element_SoC_Min_String_7,1246,16 bits,Min cell/element SoC in the string,Unsigned Integer,Percentage,0 -> 1000,x10,770,No,
Element_SoC_Min_String_8,1247,16 bits,Min cell/element SoC in the string,Unsigned Integer,Percentage,0 -> 1000,x10,770,No,
Element_SoC_Min_String_9,1248,16 bits,Min cell/element SoC in the string,Unsigned Integer,Percentage,0 -> 1000,x10,770,No,
Element_SoC_Min_String_10,1249,16 bits,Min cell/element SoC in the string,Unsigned Integer,Percentage,0 -> 1000,x10,770,No,
Element_SoC_Min_String_11,1250,16 bits,Min cell/element SoC in the string,Unsigned Integer,Percentage,0 -> 1000,x10,770,No,
Element_SoC_Min_String_12,1251,16 bits,Min cell/element SoC in the string,Unsigned Integer,Percentage,0 -> 1000,x10,770,No,
Element_SoC_Min_String_13,1252,16 bits,Min cell/element SoC in the string,Unsigned Integer,Percentage,0 -> 1000,x10,770,No,
Element_SoC_Min_String_14,1253,16 bits,Min cell/element SoC in the string,Unsigned Integer,Percentage,0 -> 1000,x10,770,No,
Element_SoC_Min_String_15,1254,16 bits,Min cell/element SoC in the string,Unsigned Integer,Percentage,0 -> 1000,x10,770,No,
Element_SoC_Min_String_16,1255,16 bits,Min cell/element SoC in the string,Unsigned Integer,Percentage,0 -> 1000,x10,770,No,
Element_SoC_Min_String_17,1256,16 bits,Min cell/element SoC in the string,Unsigned Integer,Percentage,0 -> 1000,x10,770,No,
Element_SoC_Min_String_18,1257,16 bits,Min cell/element SoC in the string,Unsigned Integer,Percentage,0 -> 1000,x10,770,No,
Element_SoC_Min_String_19,1258,16 bits,Min cell/element SoC in the string,Unsigned Integer,Percentage,0 -> 1000,x10,770,No,
Element_SoC_Min_String_20,1259,16 bits,Min cell/element SoC in the string,Unsigned Integer,Percentage,0 -> 1000,x10,770,No,
Element_SoC_Min_String_21,1260,16 bits,Min cell/element SoC in the string,Unsigned Integer,Percentage,0 -> 1000,x10,770,No,
Element_SoC_Min_String_22,1261,16 bits,Min cell/element SoC in the string,Unsigned Integer,Percentage,0 -> 1000,x10,770,No,
Element_SoC_Min_String_23,1262,16 bits,Min cell/element SoC in the string,Unsigned Integer,Percentage,0 -> 1000,x10,770,No,
Element_SoC_Min_String_24,1263,16 bits,Min cell/element SoC in the string,Unsigned Integer,Percentage,0 -> 1000,x10,770,No,
Element_SoC_Average_String_1,1264,16 bits,Average cell/element SoC in the string,Unsigned Integer,Percentage,0 -> 1000,x10,778,No,778 = 77.8%
Element_SoC_Average_String_2,1265,16 bits,Average cell/element SoC in the string,Unsigned Integer,Percentage,0 -> 1000,x10,778,No,
Element_SoC_Average_String_3,1266,16 bits,Average cell/element SoC in the string,Unsigned Integer,Percentage,0 -> 1000,x10,778,No,
Element_SoC_Average_String_4,1267,16 bits,Average cell/element SoC in the string,Unsigned Integer,Percentage,0 -> 1000,x10,778,No,
Element_SoC_Average_String_5,1268,16 bits,Average cell/element SoC in the string,Unsigned Integer,Percentage,0 -> 1000,x10,778,No,
Element_SoC_Average_String_6,1269,16 bits,Average cell/element SoC in the string,Unsigned Integer,Percentage,0 -> 1000,x10,778,No,
Element_SoC_Average_String_7,1270,16 bits,Average cell/element SoC in the string,Unsigned Integer,Percentage,0 -> 1000,x10,778,No,
Element_SoC_Average_String_8,1271,16 bits,Average cell/element SoC in the string,Unsigned Integer,Percentage,0 -> 1000,x10,778,No,
Element_SoC_Average_String_9,1272,16 bits,Average cell/element SoC in the string,Unsigned Integer,Percentage,0 -> 1000,x10,778,No,
Element_SoC_Average_String_10,1273,16 bits,Average cell/element SoC in the string,Unsigned Integer,Percentage,0 -> 1000,x10,778,No,
Element_SoC_Average_String_11,1274,16 bits,Average cell/element SoC in the string,Unsigned Integer,Percentage,0 -> 1000,x10,778,No,
Element_SoC_Average_String_12,1275,16 bits,Average cell/element SoC in the string,Unsigned Integer,Percentage,0 -> 1000,x10,778,No,
Element_SoC_Average_String_13,1276,16 bits,Average cell/element SoC in the string,Unsigned Integer,Percentage,0 -> 1000,x10,778,No,
Element_SoC_Average_String_14,1277,16 bits,Average cell/element SoC in the string,Unsigned Integer,Percentage,0 -> 1000,x10,778,No,
Element_SoC_Average_String_15,1278,16 bits,Average cell/element SoC in the string,Unsigned Integer,Percentage,0 -> 1000,x10,778,No,
Element_SoC_Average_String_16,1279,16 bits,Average cell/element SoC in the string,Unsigned Integer,Percentage,0 -> 1000,x10,778,No,
Element_SoC_Average_String_17,1280,16 bits,Average cell/element SoC in the string,Unsigned Integer,Percentage,0 -> 1000,x10,778,No,
Element_SoC_Average_String_18,1281,16 bits,Average cell/element SoC in the string,Unsigned Integer,Percentage,0 -> 1000,x10,778,No,
Element_SoC_Average_String_19,1282,16 bits,Average cell/element SoC in the string,Unsigned Integer,Percentage,0 -> 1000,x10,778,No,
Element_SoC_Average_String_20,1283,16 bits,Average cell/element SoC in the string,Unsigned Integer,Percentage,0 -> 1000,x10,778,No,
Element_SoC_Average_String_21,1284,16 bits,Average cell/element SoC in the string,Unsigned Integer,Percentage,0 -> 1000,x10,778,No,
Element_SoC_Average_String_22,1285,16 bits,Average cell/element SoC in the string,Unsigned Integer,Percentage,0 -> 1000,x10,778,No,
Element_SoC_Average_String_23,1286,16 bits,Average cell/element SoC in the string,Unsigned Integer,Percentage,0 -> 1000,x10,778,No,
Element_SoC_Average_String_24,1287,16 bits,Average cell/element SoC in the string,Unsigned Integer,Percentage,0 -> 1000,x10,778,No,
Element_SoH_Max_String_1,1288,16 bits,Max cell/element SoH in the string,Unsigned Integer,Percentage,0 -> 1000,x10,1000,No,1000 = 100.0%
Element_SoH_Max_String_2,1289,16 bits,Max cell/element SoH in the string,Unsigned Integer,Percentage,0 -> 1000,x10,1000,No,
Element_SoH_Max_String_3,1290,16 bits,Max cell/element SoH in the string,Unsigned Integer,Percentage,0 -> 1000,x10,1000,No,
Element_SoH_Max_String_4,1291,16 bits,Max cell/element SoH in the string,Unsigned Integer,Percentage,0 -> 1000,x10,1000,No,
Element_SoH_Max_String_5,1292,16 bits,Max cell/element SoH in the string,Unsigned Integer,Percentage,0 -> 1000,x10,1000,No,
Element_SoH_Max_String_6,1293,16 bits,Max cell/element SoH in the string,Unsigned Integer,Percentage,0 -> 1000,x10,1000,No,
Element_SoH_Max_String_7,1294,16 bits,Max cell/element SoH in the string,Unsigned Integer,Percentage,0 -> 1000,x10,1000,No,
Element_SoH_Max_String_8,1295,16 bits,Max cell/element SoH in the string,Unsigned Integer,Percentage,0 -> 1000,x10,1000,No,
Element_SoH_Max_String_9,1296,16 bits,Max cell/element SoH in the string,Unsigned Integer,Percentage,0 -> 1000,x10,1000,No,
Element_SoH_Max_String_10,1297,16 bits,Max cell/element SoH in the string,Unsigned Integer,Percentage,0 -> 1000,x10,1000,No,
Element_SoH_Max_String_11,1298,16 bits,Max cell/element SoH in the string,Unsigned Integer,Percentage,0 -> 1000,x10,1000,No,
Element_SoH_Max_String_12,1299,16 bits,Max cell/element SoH in the string,Unsigned Integer,Percentage,0 -> 1000,x10,1000,No,
Element_SoH_Max_String_13,1300,16 bits,Max cell/element SoH in the string,Unsigned Integer,Percentage,0 -> 1000,x10,1000,No,
Element_SoH_Max_String_14,1301,16 bits,Max cell/element SoH in the string,Unsigned Integer,Percentage,0 -> 1000,x10,1000,No,
Element_SoH_Max_String_15,1302,16 bits,Max cell/element SoH in the string,Unsigned Integer,Percentage,0 -> 1000,x10,1000,No,
Element_SoH_Max_String_16,1303,16 bits,Max cell/element SoH in the string,Unsigned Integer,Percentage,0 -> 1000,x10,1000,No,
Element_SoH_Max_String_17,1304,16 bits,Max cell/element SoH in the string,Unsigned Integer,Percentage,0 -> 1000,x10,1000,No,
Element_SoH_Max_String_18,1305,16 bits,Max cell/element SoH in the string,Unsigned Integer,Percentage,0 -> 1000,x10,1000,No,
Element_SoH_Max_String_19,1306,16 bits,Max cell/element SoH in the string,Unsigned Integer,Percentage,0 -> 1000,x10,1000,No,
Element_SoH_Max_String_20,1307,16 bits,Max cell/element SoH in the string,Unsigned Integer,Percentage,0 -> 1000,x10,1000,No,
Element_SoH_Max_String_21,1308,16 bits,Max cell/element SoH in the string,Unsigned Integer,Percentage,0 -> 1000,x10,1000,No,
Element_SoH_Max_String_22,1309,16 bits,Max cell/element SoH in the string,Unsigned Integer,Percentage,0 -> 1000,x10,1000,No,
Element_SoH_Max_String_23,1310,16 bits,Max cell/element SoH in the string,Unsigned Integer,Percentage,0 -> 1000,x10,1000,No,
Element_SoH_Max_String_24,1311,16 bits,Max cell/element SoH in the string,Unsigned Integer,Percentage,0 -> 1000,x10,1000,No,
Element_SoH_Min_String_1,1312,16 bits,Min cell/element SoH in the string,Unsigned Integer,Percentage,0 -> 1000,x10,995,No,995 = 99.5%
Element_SoH_Min_String_2,1313,16 bits,Min cell/element SoH in the string,Unsigned Integer,Percentage,0 -> 1000,x10,995,No,
Element_SoH_Min_String_3,1314,16 bits,Min cell/element SoH in the string,Unsigned Integer,Percentage,0 -> 1000,x10,995,No,
Element_SoH_Min_String_4,1315,16 bits,Min cell/element SoH in the string,Unsigned Integer,Percentage,0 -> 1000,x10,995,No,
Element_SoH_Min_String_5,1316,16 bits,Min cell/element SoH in the string,Unsigned Integer,Percentage,0 -> 1000,x10,995,No,
Element_SoH_Min_String_6,1317,16 bits,Min cell/element SoH in the string,Unsigned Integer,Percentage,0 -> 1000,x10,995,No,
Element_SoH_Min_String_7,1318,16 bits,Min cell/element SoH in the string,Unsigned Integer,Percentage,0 -> 1000,x10,995,No,
Element_SoH_Min_String_8,1319,16 bits,Min cell/element SoH in the string,Unsigned Integer,Percentage,0 -> 1000,x10,995,No,
Element_SoH_Min_String_9,1320,16 bits,Min cell/element SoH in the string,Unsigned Integer,Percentage,0 -> 1000,x10,995,No,
Element_SoH_Min_String_10,1321,16 bits,Min cell/element SoH in the string,Unsigned Integer,Percentage,0 -> 1000,x10,995,No,
Element_SoH_Min_String_11,1322,16 bits,Min cell/element SoH in the string,Unsigned Integer,Percentage,0 -> 1000,x10,995,No,
Element_SoH_Min_String_12,1323,16 bits,Min cell/element SoH in the string,Unsigned Integer,Percentage,0 -> 1000,x10,995,No,
Element_SoH_Min_String_13,1324,16 bits,Min cell/element SoH in the string,Unsigned Integer,Percentage,0 -> 1000,x10,995,No,
Element_SoH_Min_String_14,1325,16 bits,Min cell/element SoH in the string,Unsigned Integer,Percentage,0 -> 1000,x10,995,No,
Element_SoH_Min_String_15,1326,16 bits,Min cell/element SoH in the string,Unsigned Integer,Percentage,0 -> 1000,x10,995,No,
Element_SoH_Min_String_16,1327,16 bits,Min cell/element SoH in the string,Unsigned Integer,Percentage,0 -> 1000,x10,995,No,
Element_SoH_Min_String_17,1328,16 bits,Min cell/element SoH in the string,Unsigned Integer,Percentage,0 -> 1000,x10,995,No,
Element_SoH_Min_String_18,1329,16 bits,Min cell/element SoH in the string,Unsigned Integer,Percentage,0 -> 1000,x10,995,No,
Element_SoH_Min_String_19,1330,16 bits,Min cell/element SoH in the string,Unsigned Integer,Percentage,0 -> 1000,x10,995,No,
Element_SoH_Min_String_20,1331,16 bits,Min cell/element SoH in the string,Unsigned Integer,Percentage,0 -> 1000,x10,995,No,
Element_SoH_Min_String_21,1332,16 bits,Min cell/element SoH in the string,Unsigned Integer,Percentage,0 -> 1000,x10,995,No,
Element_SoH_Min_String_22,1333,16 bits,Min cell/element SoH in the string,Unsigned Integer,Percentage,0 -> 1000,x10,995,No,
Element_SoH_Min_String_23,1334,16 bits,Min cell/element SoH in the string,Unsigned Integer,Percentage,0 -> 1000,x10,995,No,
Element_SoH_Min_String_24,1335,16 bits,Min cell/element SoH in the string,Unsigned Integer,Percentage,0 -> 1000,x10,995,No,
Element_SoH_Average_String_1,1336,16 bits,Average cell/element SoH in the string,Unsigned Integer,Percentage,0 -> 1000,x10,998,No,998 = 99.8%
Element_SoH_Average_String_2,1337,16 bits,Average cell/element SoH in the string,Unsigned Integer,Percentage,0 -> 1000,x10,998,No,
Element_SoH_Average_String_3,1338,16 bits,Average cell/element SoH in the string,Unsigned Integer,Percentage,0 -> 1000,x10,998,No,
Element_SoH_Average_String_4,1339,16 bits,Average cell/element SoH in the string,Unsigned Integer,Percentage,0 -> 1000,x10,998,No,
Element_SoH_Average_String_5,1340,16 bits,Average cell/element SoH in the string,Unsigned Integer,Percentage,0 -> 1000,x10,998,No,
Element_SoH_Average_String_6,1341,16 bits,Average cell/element SoH in the string,Unsigned Integer,Percentage,0 -> 1000,x10,998,No,
Element_SoH_Average_String_7,1342,16 bits,Average cell/element SoH in the string,Unsigned Integer,Percentage,0 -> 1000,x10,998,No,
Element_SoH_Average_String_8,1343,16 bits,Average cell/element SoH in the string,Unsigned Integer,Percentage,0 -> 1000,x10,998,No,
Element_SoH_Average_String_9,1344,16 bits,Average cell/element SoH in the string,Unsigned Integer,Percentage,0 -> 1000,x10,998,No,
Element_SoH_Average_String_10,1345,16 bits,Average cell/element SoH in the string,Unsigned Integer,Percentage,0 -> 1000,x10,998,No,
Element_SoH_Average_String_11,1346,16 bits,Average cell/element SoH in the string,Unsigned Integer,Percentage,0 -> 1000,x10,998,No,
Element_SoH_Average_String_12,1347,16 bits,Average cell/element SoH in the string,Unsigned Integer,Percentage,0 -> 1000,x10,998,No,
Element_SoH_Average_String_13,1348,16 bits,Average cell/element SoH in the string,Unsigned Integer,Percentage,0 -> 1000,x10,998,No,
Element_SoH_Average_String_14,1349,16 bits,Average cell/element SoH in the string,Unsigned Integer,Percentage,0 -> 1000,x10,998,No,
Element_SoH_Average_String_15,1350,16 bits,Average cell/element SoH in the string,Unsigned Integer,Percentage,0 -> 1000,x10,998,No,
Element_SoH_Average_String_16,1351,16 bits,Average cell/element SoH in the string,Unsigned Integer,Percentage,0 -> 1000,x10,998,No,
Element_SoH_Average_String_17,1352,16 bits,Average cell/element SoH in the string,Unsigned Integer,Percentage,0 -> 1000,x10,998,No,
Element_SoH_Average_String_18,1353,16 bits,Average cell/element SoH in the string,Unsigned Integer,Percentage,0 -> 1000,x10,998,No,
Element_SoH_Average_String_19,1354,16 bits,Average cell/element SoH in the string,Unsigned Integer,Percentage,0 -> 1000,x10,998,No,
Element_SoH_Average_String_20,1355,16 bits,Average cell/element SoH in the string,Unsigned Integer,Percentage,0 -> 1000,x10,998,No,
Element_SoH_Average_String_21,1356,16 bits,Average cell/element SoH in the string,Unsigned Integer,Percentage,0 -> 1000,x10,998,No,
Element_SoH_Average_String_22,1357,16 bits,Average cell/element SoH in the string,Unsigned Integer,Percentage,0 -> 1000,x10,998,No,
Element_SoH_Average_String_23,1358,16 bits,Average cell/element SoH in the string,Unsigned Integer,Percentage,0 -> 1000,x10,998,No,
Element_SoH_Average_String_24,1359,16 bits,Average cell/element SoH in the string,Unsigned Integer,Percentage,0 -> 1000,x10,998,No,
Alarms_Bit_Field_Register_A_String_1,1360,16 bits,Bit field used to indicate if Any of alarms 1 -> 16 are Asserted,Binary Value,n/a,0x0000 -> 0xFFFF,n/a,0x0020,No,0x0020 indicates alarm '6' is Asserted
Alarms_Bit_Field_Register_B_String_1,1361,16 bits,Bit field used to indicate if Any of alarms 17 -> 32 are Asserted,Binary Value,n/a,0x0000 -> 0xFFFF,n/a,0x0020,No,0x0020 indicates alarm '22' is Asserted
Alarms_Bit_Field_Register_C_String_1,1362,16 bits,Bit field used to indicate if Any of alarms 33 -> 48 are Asserted,Binary Value,n/a,0x0000 -> 0xFFFF,n/a,0x0020,No,0x0020 indicates alarm '38' is Asserted
Alarms_Bit_Field_Register_D_String_1,1363,16 bits,Bit field used to indicate if Any of alarms 49 -> 64 are Asserted,Binary Value,n/a,0x0000 -> 0xFFFF,n/a,0x0020,No,0x0020 indicates alarm '54' is Asserted
Alarms_Bit_Field_Register_A_String_2,370,16 bits,Bit field used to indicate if Any of alarms 1 -> 16 are Asserted,Binary Value,n/a,0x0000 -> 0xFFFF,n/a,0x0020,No,
Alarms_Bit_Field_Register_B_String_2,371,16 bits,Bit field used to indicate if Any of alarms 17 -> 32 are Asserted,Binary Value,n/a,0x0000 -> 0xFFFF,n/a,0x0020,No,
Alarms_Bit_Field_Register_C_String_2,372,16 bits,Bit field used to indicate if Any of alarms 33 -> 48 are Asserted,Binary Value,n/a,0x0000 -> 0xFFFF,n/a,0x0020,No,
Alarms_Bit_Field_Register_D_String_2,373,16 bits,Bit field used to indicate if Any of alarms 49 -> 64 are Asserted,Binary Value,n/a,0x0000 -> 0xFFFF,n/a,0x0020,No,
Alarms_Bit_Field_Register_A_String_3,374,16 bits,Bit field used to indicate if Any of alarms 1 -> 16 are Asserted,Binary Value,n/a,0x0000 -> 0xFFFF,n/a,0x0020,No,
Alarms_Bit_Field_Register_B_String_3,375,16 bits,Bit field used to indicate if Any of alarms 17 -> 32 are Asserted,Binary Value,n/a,0x0000 -> 0xFFFF,n/a,0x0020,No,
Alarms_Bit_Field_Register_C_String_3,376,16 bits,Bit field used to indicate if Any of alarms 33 -> 48 are Asserted,Binary Value,n/a,0x0000 -> 0xFFFF,n/a,0x0020,No,
Alarms_Bit_Field_Register_D_String_3,377,16 bits,Bit field used to indicate if Any of alarms 49 -> 64 are Asserted,Binary Value,n/a,0x0000 -> 0xFFFF,n/a,0x0020,No,
Alarms_Bit_Field_Register_A_String_4,378,16 bits,Bit field used to indicate if Any of alarms 1 -> 16 are Asserted,Binary Value,n/a,0x0000 -> 0xFFFF,n/a,0x0020,No,
Alarms_Bit_Field_Register_B_String_4,379,16 bits,Bit field used to indicate if Any of alarms 17 -> 32 are Asserted,Binary Value,n/a,0x0000 -> 0xFFFF,n/a,0x0020,No,
Alarms_Bit_Field_Register_C_String_4,380,16 bits,Bit field used to indicate if Any of alarms 33 -> 48 are Asserted,Binary Value,n/a,0x0000 -> 0xFFFF,n/a,0x0020,No,
Alarms_Bit_Field_Register_D_String_4,381,16 bits,Bit field used to indicate if Any of alarms 49 -> 64 are Asserted,Binary Value,n/a,0x0000 -> 0xFFFF,n/a,0x0020,No,
Alarms_Bit_Field_Register_A_String_5,382,16 bits,Bit field used to indicate if Any of alarms 1 -> 16 are Asserted,Binary Value,n/a,0x0000 -> 0xFFFF,n/a,0x0020,No,
Alarms_Bit_Field_Register_B_String_5,383,16 bits,Bit field used to indicate if Any of alarms 17 -> 32 are Asserted,Binary Value,n/a,0x0000 -> 0xFFFF,n/a,0x0020,No,
Alarms_Bit_Field_Register_C_String_5,384,16 bits,Bit field used to indicate if Any of alarms 33 -> 48 are Asserted,Binary Value,n/a,0x0000 -> 0xFFFF,n/a,0x0020,No,
Alarms_Bit_Field_Register_D_String_5,385,16 bits,Bit field used to indicate if Any of alarms 49 -> 64 are Asserted,Binary Value,n/a,0x0000 -> 0xFFFF,n/a,0x0020,No,
Alarms_Bit_Field_Register_A_String_6,386,16 bits,Bit field used to indicate if Any of alarms 1 -> 16 are Asserted,Binary Value,n/a,0x0000 -> 0xFFFF,n/a,0x0020,No,
Alarms_Bit_Field_Register_B_String_6,387,16 bits,Bit field used to indicate if Any of alarms 17 -> 32 are Asserted,Binary Value,n/a,0x0000 -> 0xFFFF,n/a,0x0020,No,
Alarms_Bit_Field_Register_C_String_6,388,16 bits,Bit field used to indicate if Any of alarms 33 -> 48 are Asserted,Binary Value,n/a,0x0000 -> 0xFFFF,n/a,0x0020,No,
Alarms_Bit_Field_Register_D_String_6,389,16 bits,Bit field used to indicate if Any of alarms 49 -> 64 are Asserted,Binary Value,n/a,0x0000 -> 0xFFFF,n/a,0x0020,No,
Alarms_Bit_Field_Register_A_String_7,390,16 bits,Bit field used to indicate if Any of alarms 1 -> 16 are Asserted,Binary Value,n/a,0x0000 -> 0xFFFF,n/a,0x0020,No,
Alarms_Bit_Field_Register_B_String_7,391,16 bits,Bit field used to indicate if Any of alarms 17 -> 32 are Asserted,Binary Value,n/a,0x0000 -> 0xFFFF,n/a,0x0020,No,
Alarms_Bit_Field_Register_C_String_7,392,16 bits,Bit field used to indicate if Any of alarms 33 -> 48 are Asserted,Binary Value,n/a,0x0000 -> 0xFFFF,n/a,0x0020,No,
Alarms_Bit_Field_Register_D_String_7,393,16 bits,Bit field used to indicate if Any of alarms 49 -> 64 are Asserted,Binary Value,n/a,0x0000 -> 0xFFFF,n/a,0x0020,No,
Alarms_Bit_Field_Register_A_String_8,394,16 bits,Bit field used to indicate if Any of alarms 1 -> 16 are Asserted,Binary Value,n/a,0x0000 -> 0xFFFF,n/a,0x0020,No,
Alarms_Bit_Field_Register_B_String_8,395,16 bits,Bit field used to indicate if Any of alarms 17 -> 32 are Asserted,Binary Value,n/a,0x0000 -> 0xFFFF,n/a,0x0020,No,
Alarms_Bit_Field_Register_C_String_8,396,16 bits,Bit field used to indicate if Any of alarms 33 -> 48 are Asserted,Binary Value,n/a,0x0000 -> 0xFFFF,n/a,0x0020,No,
Alarms_Bit_Field_Register_D_String_8,397,16 bits,Bit field used to indicate if Any of alarms 49 -> 64 are Asserted,Binary Value,n/a,0x0000 -> 0xFFFF,n/a,0x0020,No,
Alarms_Bit_Field_Register_A_String_9,398,16 bits,Bit field used to indicate if Any of alarms 1 -> 16 are Asserted,Binary Value,n/a,0x0000 -> 0xFFFF,n/a,0x0020,No,
Alarms_Bit_Field_Register_B_String_9,399,16 bits,Bit field used to indicate if Any of alarms 17 -> 32 are Asserted,Binary Value,n/a,0x0000 -> 0xFFFF,n/a,0x0020,No,
Alarms_Bit_Field_Register_C_String_9,400,16 bits,Bit field used to indicate if Any of alarms 33 -> 48 are Asserted,Binary Value,n/a,0x0000 -> 0xFFFF,n/a,0x0020,No,
Alarms_Bit_Field_Register_D_String_9,401,16 bits,Bit field used to indicate if Any of alarms 49 -> 64 are Asserted,Binary Value,n/a,0x0000 -> 0xFFFF,n/a,0x0020,No,
Alarms_Bit_Field_Register_A_String_10,402,16 bits,Bit field used to indicate if Any of alarms 1 -> 16 are Asserted,Binary Value,n/a,0x0000 -> 0xFFFF,n/a,0x0020,No,
Alarms_Bit_Field_Register_B_String_10,403,16 bits,Bit field used to indicate if Any of alarms 17 -> 32 are Asserted,Binary Value,n/a,0x0000 -> 0xFFFF,n/a,0x0020,No,
Alarms_Bit_Field_Register_C_String_10,404,16 bits,Bit field used to indicate if Any of alarms 33 -> 48 are Asserted,Binary Value,n/a,0x0000 -> 0xFFFF,n/a,0x0020,No,
Alarms_Bit_Field_Register_D_String_10,405,16 bits,Bit field used to indicate if Any of alarms 49 -> 64 are Asserted,Binary Value,n/a,0x0000 -> 0xFFFF,n/a,0x0020,No,
Alarms_Bit_Field_Register_A_String_11,406,16 bits,Bit field used to indicate if Any of alarms 1 -> 16 are Asserted,Binary Value,n/a,0x0000 -> 0xFFFF,n/a,0x0020,No,
Alarms_Bit_Field_Register_B_String_11,407,16 bits,Bit field used to indicate if Any of alarms 17 -> 32 are Asserted,Binary Value,n/a,0x0000 -> 0xFFFF,n/a,0x0020,No,
Alarms_Bit_Field_Register_C_String_11,408,16 bits,Bit field used to indicate if Any of alarms 33 -> 48 are Asserted,Binary Value,n/a,0x0000 -> 0xFFFF,n/a,0x0020,No,
Alarms_Bit_Field_Register_D_String_11,409,16 bits,Bit field used to indicate if Any of alarms 49 -> 64 are Asserted,Binary Value,n/a,0x0000 -> 0xFFFF,n/a,0x0020,No,
Alarms_Bit_Field_Register_A_String_12,410,16 bits,Bit field used to indicate if Any of alarms 1 -> 16 are Asserted,Binary Value,n/a,0x0000 -> 0xFFFF,n/a,0x0020,No,
Alarms_Bit_Field_Register_B_String_12,411,16 bits,Bit field used to indicate if Any of alarms 17 -> 32 are Asserted,Binary Value,n/a,0x0000 -> 0xFFFF,n/a,0x0020,No,
Alarms_Bit_Field_Register_C_String_12,412,16 bits,Bit field used to indicate if Any of alarms 33 -> 48 are Asserted,Binary Value,n/a,0x0000 -> 0xFFFF,n/a,0x0020,No,
Alarms_Bit_Field_Register_D_String_12,413,16 bits,Bit field used to indicate if Any of alarms 49 -> 64 are Asserted,Binary Value,n/a,0x0000 -> 0xFFFF,n/a,0x0020,No,
Alarms_Bit_Field_Register_A_String_13,414,16 bits,Bit field used to indicate if Any of alarms 1 -> 16 are Asserted,Binary Value,n/a,0x0000 -> 0xFFFF,n/a,0x0020,No,
Alarms_Bit_Field_Register_B_String_13,415,16 bits,Bit field used to indicate if Any of alarms 17 -> 32 are Asserted,Binary Value,n/a,0x0000 -> 0xFFFF,n/a,0x0020,No,
Alarms_Bit_Field_Register_C_String_13,416,16 bits,Bit field used to indicate if Any of alarms 33 -> 48 are Asserted,Binary Value,n/a,0x0000 -> 0xFFFF,n/a,0x0020,No,
Alarms_Bit_Field_Register_D_String_13,417,16 bits,Bit field used to indicate if Any of alarms 49 -> 64 are Asserted,Binary Value,n/a,0x0000 -> 0xFFFF,n/a,0x0020,No,
Alarms_Bit_Field_Register_A_String_14,418,16 bits,Bit field used to indicate if Any of alarms 1 -> 16 are Asserted,Binary Value,n/a,0x0000 -> 0xFFFF,n/a,0x0020,No,
Alarms_Bit_Field_Register_B_String_14,419,16 bits,Bit field used to indicate if Any of alarms 17 -> 32 are Asserted,Binary Value,n/a,0x0000 -> 0xFFFF,n/a,0x0020,No,
Alarms_Bit_Field_Register_C_String_14,420,16 bits,Bit field used to indicate if Any of alarms 33 -> 48 are Asserted,Binary Value,n/a,0x0000 -> 0xFFFF,n/a,0x0020,No,
Alarms_Bit_Field_Register_D_String_14,421,16 bits,Bit field used to indicate if Any of alarms 49 -> 64 are Asserted,Binary Value,n/a,0x0000 -> 0xFFFF,n/a,0x0020,No,
Alarms_Bit_Field_Register_A_String_15,422,16 bits,Bit field used to indicate if Any of alarms 1 -> 16 are Asserted,Binary Value,n/a,0x0000 -> 0xFFFF,n/a,0x0020,No,
Alarms_Bit_Field_Register_B_String_15,423,16 bits,Bit field used to indicate if Any of alarms 17 -> 32 are Asserted,Binary Value,n/a,0x0000 -> 0xFFFF,n/a,0x0020,No,
Alarms_Bit_Field_Register_C_String_15,424,16 bits,Bit field used to indicate if Any of alarms 33 -> 48 are Asserted,Binary Value,n/a,0x0000 -> 0xFFFF,n/a,0x0020,No,
Alarms_Bit_Field_Register_D_String_15,425,16 bits,Bit field used to indicate if Any of alarms 49 -> 64 are Asserted,Binary Value,n/a,0x0000 -> 0xFFFF,n/a,0x0020,No,
Alarms_Bit_Field_Register_A_String_16,426,16 bits,Bit field used to indicate if Any of alarms 1 -> 16 are Asserted,Binary Value,n/a,0x0000 -> 0xFFFF,n/a,0x0020,No,
Alarms_Bit_Field_Register_B_String_16,427,16 bits,Bit field used to indicate if Any of alarms 17 -> 32 are Asserted,Binary Value,n/a,0x0000 -> 0xFFFF,n/a,0x0020,No,
Alarms_Bit_Field_Register_C_String_16,428,16 bits,Bit field used to indicate if Any of alarms 33 -> 48 are Asserted,Binary Value,n/a,0x0000 -> 0xFFFF,n/a,0x0020,No,
Alarms_Bit_Field_Register_D_String_16,429,16 bits,Bit field used to indicate if Any of alarms 49 -> 64 are Asserted,Binary Value,n/a,0x0000 -> 0xFFFF,n/a,0x0020,No,
Alarms_Bit_Field_Register_A_String_17,430,16 bits,Bit field used to indicate if Any of alarms 1 -> 16 are Asserted,Binary Value,n/a,0x0000 -> 0xFFFF,n/a,0x0020,No,
Alarms_Bit_Field_Register_B_String_17,431,16 bits,Bit field used to indicate if Any of alarms 17 -> 32 are Asserted,Binary Value,n/a,0x0000 -> 0xFFFF,n/a,0x0020,No,
Alarms_Bit_Field_Register_C_String_17,432,16 bits,Bit field used to indicate if Any of alarms 33 -> 48 are Asserted,Binary Value,n/a,0x0000 -> 0xFFFF,n/a,0x0020,No,
Alarms_Bit_Field_Register_D_String_17,433,16 bits,Bit field used to indicate if Any of alarms 49 -> 64 are Asserted,Binary Value,n/a,0x0000 -> 0xFFFF,n/a,0x0020,No,
Alarms_Bit_Field_Register_A_String_18,434,16 bits,Bit field used to indicate if Any of alarms 1 -> 16 are Asserted,Binary Value,n/a,0x0000 -> 0xFFFF,n/a,0x0020,No,
Alarms_Bit_Field_Register_B_String_18,435,16 bits,Bit field used to indicate if Any of alarms 17 -> 32 are Asserted,Binary Value,n/a,0x0000 -> 0xFFFF,n/a,0x0020,No,
Alarms_Bit_Field_Register_C_String_18,436,16 bits,Bit field used to indicate if Any of alarms 33 -> 48 are Asserted,Binary Value,n/a,0x0000 -> 0xFFFF,n/a,0x0020,No,
Alarms_Bit_Field_Register_D_String_18,437,16 bits,Bit field used to indicate if Any of alarms 49 -> 64 are Asserted,Binary Value,n/a,0x0000 -> 0xFFFF,n/a,0x0020,No,
Alarms_Bit_Field_Register_A_String_19,438,16 bits,Bit field used to indicate if Any of alarms 1 -> 16 are Asserted,Binary Value,n/a,0x0000 -> 0xFFFF,n/a,0x0020,No,
Alarms_Bit_Field_Register_B_String_19,439,16 bits,Bit field used to indicate if Any of alarms 17 -> 32 are Asserted,Binary Value,n/a,0x0000 -> 0xFFFF,n/a,0x0020,No,
Alarms_Bit_Field_Register_C_String_19,440,16 bits,Bit field used to indicate if Any of alarms 33 -> 48 are Asserted,Binary Value,n/a,0x0000 -> 0xFFFF,n/a,0x0020,No,
Alarms_Bit_Field_Register_D_String_19,441,16 bits,Bit field used to indicate if Any of alarms 49 -> 64 are Asserted,Binary Value,n/a,0x0000 -> 0xFFFF,n/a,0x0020,No,
Alarms_Bit_Field_Register_A_String_20,442,16 bits,Bit field used to indicate if Any of alarms 1 -> 16 are Asserted,Binary Value,n/a,0x0000 -> 0xFFFF,n/a,0x0020,No,
Alarms_Bit_Field_Register_B_String_20,443,16 bits,Bit field used to indicate if Any of alarms 17 -> 32 are Asserted,Binary Value,n/a,0x0000 -> 0xFFFF,n/a,0x0020,No,
Alarms_Bit_Field_Register_C_String_20,444,16 bits,Bit field used to indicate if Any of alarms 33 -> 48 are Asserted,Binary Value,n/a,0x0000 -> 0xFFFF,n/a,0x0020,No,
Alarms_Bit_Field_Register_D_String_20,445,16 bits,Bit field used to indicate if Any of alarms 49 -> 64 are Asserted,Binary Value,n/a,0x0000 -> 0xFFFF,n/a,0x0020,No,
Alarms_Bit_Field_Register_A_String_21,446,16 bits,Bit field used to indicate if Any of alarms 1 -> 16 are Asserted,Binary Value,n/a,0x0000 -> 0xFFFF,n/a,0x0020,No,
Alarms_Bit_Field_Register_B_String_21,447,16 bits,Bit field used to indicate if Any of alarms 17 -> 32 are Asserted,Binary Value,n/a,0x0000 -> 0xFFFF,n/a,0x0020,No,
Alarms_Bit_Field_Register_C_String_21,448,16 bits,Bit field used to indicate if Any of alarms 33 -> 48 are Asserted,Binary Value,n/a,0x0000 -> 0xFFFF,n/a,0x0020,No,
Alarms_Bit_Field_Register_D_String_21,449,16 bits,Bit field used to indicate if Any of alarms 49 -> 64 are Asserted,Binary Value,n/a,0x0000 -> 0xFFFF,n/a,0x0020,No,
Alarms_Bit_Field_Register_A_String_22,450,16 bits,Bit field used to indicate if Any of alarms 1 -> 16 are Asserted,Binary Value,n/a,0x0000 -> 0xFFFF,n/a,0x0020,No,
Alarms_Bit_Field_Register_B_String_22,451,16 bits,Bit field used to indicate if Any of alarms 17 -> 32 are Asserted,Binary Value,n/a,0x0000 -> 0xFFFF,n/a,0x0020,No,
Alarms_Bit_Field_Register_C_String_22,452,16 bits,Bit field used to indicate if Any of alarms 33 -> 48 are Asserted,Binary Value,n/a,0x0000 -> 0xFFFF,n/a,0x0020,No,
Alarms_Bit_Field_Register_D_String_22,453,16 bits,Bit field used to indicate if Any of alarms 49 -> 64 are Asserted,Binary Value,n/a,0x0000 -> 0xFFFF,n/a,0x0020,No,
Alarms_Bit_Field_Register_A_String_23,454,16 bits,Bit field used to indicate if Any of alarms 1 -> 16 are Asserted,Binary Value,n/a,0x0000 -> 0xFFFF,n/a,0x0020,No,
Alarms_Bit_Field_Register_B_String_23,455,16 bits,Bit field used to indicate if Any of alarms 17 -> 32 are Asserted,Binary Value,n/a,0x0000 -> 0xFFFF,n/a,0x0020,No,
Alarms_Bit_Field_Register_C_String_23,456,16 bits,Bit field used to indicate if Any of alarms 33 -> 48 are Asserted,Binary Value,n/a,0x0000 -> 0xFFFF,n/a,0x0020,No,
Alarms_Bit_Field_Register_D_String_23,457,16 bits,Bit field used to indicate if Any of alarms 49 -> 64 are Asserted,Binary Value,n/a,0x0000 -> 0xFFFF,n/a,0x0020,No,
Alarms_Bit_Field_Register_A_String_24,458,16 bits,Bit field used to indicate if Any of alarms 1 -> 16 are Asserted,Binary Value,n/a,0x0000 -> 0xFFFF,n/a,0x0020,No,
Alarms_Bit_Field_Register_B_String_24,459,16 bits,Bit field used to indicate if Any of alarms 17 -> 32 are Asserted,Binary Value,n/a,0x0000 -> 0xFFFF,n/a,0x0020,No,
Alarms_Bit_Field_Register_C_String_24,460,16 bits,Bit field used to indicate if Any of alarms 33 -> 48 are Asserted,Binary Value,n/a,0x0000 -> 0xFFFF,n/a,0x0020,No,
Alarms_Bit_Field_Register_D_String_24,461,16 bits,Bit field used to indicate if Any of alarms 49 -> 64 are Asserted,Binary Value,n/a,0x0000 -> 0xFFFF,n/a,0x0020,No,
,,,,,,,,,,
